ISO-10303-21;
HEADER;
FILE_DESCRIPTION(('ViewDefinition[DesignTransferView]'),'2;1');
FILE_NAME('S03.ifc','2026-10-07T07:10:32+08:00',(''),(''),'IfcOpenShell 0.8.5-post1','Bonsai 0.8.5-post1','Nobody');
FILE_SCHEMA(('IFC4'));
ENDSEC;
DATA;
#1=IFCPROJECT('1R9Hcnd3nAaef52xvEl7nb',$,'My Project',$,$,$,$,(#10,#22),#5);
#2=IFCSIUNIT(*,.LENGTHUNIT.,$,.METRE.);
#3=IFCSIUNIT(*,.AREAUNIT.,$,.SQUARE_METRE.);
#4=IFCSIUNIT(*,.VOLUMEUNIT.,$,.CUBIC_METRE.);
#5=IFCUNITASSIGNMENT((#3,#4,#2));
#6=IFCCARTESIANPOINT((0.,0.,0.));
#7=IFCDIRECTION((0.,0.,1.));
#8=IFCDIRECTION((1.,0.,0.));
#9=IFCAXIS2PLACEMENT3D(#6,#7,#8);
#10=IFCGEOMETRICREPRESENTATIONCONTEXT($,'Model',3,1.0000000000000001E-05,#9,$);
#11=IFCGEOMETRICREPRESENTATIONSUBCONTEXT('Body','Model',*,*,*,*,#10,$,.MODEL_VIEW.,$);
#12=IFCGEOMETRICREPRESENTATIONSUBCONTEXT('Axis','Model',*,*,*,*,#10,$,.GRAPH_VIEW.,$);
#13=IFCGEOMETRICREPRESENTATIONSUBCONTEXT('Box','Model',*,*,*,*,#10,$,.MODEL_VIEW.,$);
#14=IFCGEOMETRICREPRESENTATIONSUBCONTEXT('Annotation','Model',*,*,*,*,#10,$,.SECTION_VIEW.,$);
#15=IFCGEOMETRICREPRESENTATIONSUBCONTEXT('Annotation','Model',*,*,*,*,#10,$,.ELEVATION_VIEW.,$);
#16=IFCGEOMETRICREPRESENTATIONSUBCONTEXT('Annotation','Model',*,*,*,*,#10,$,.MODEL_VIEW.,$);
#17=IFCGEOMETRICREPRESENTATIONSUBCONTEXT('Annotation','Model',*,*,*,*,#10,$,.PLAN_VIEW.,$);
#18=IFCGEOMETRICREPRESENTATIONSUBCONTEXT('Profile','Model',*,*,*,*,#10,$,.ELEVATION_VIEW.,$);
#19=IFCCARTESIANPOINT((0.,0.));
#20=IFCDIRECTION((1.,0.));
#21=IFCAXIS2PLACEMENT2D(#19,#20);
#22=IFCGEOMETRICREPRESENTATIONCONTEXT($,'Plan',2,1.0000000000000001E-05,#21,$);
#23=IFCGEOMETRICREPRESENTATIONSUBCONTEXT('Axis','Plan',*,*,*,*,#22,$,.GRAPH_VIEW.,$);
#24=IFCGEOMETRICREPRESENTATIONSUBCONTEXT('Body','Plan',*,*,*,*,#22,$,.PLAN_VIEW.,$);
#25=IFCGEOMETRICREPRESENTATIONSUBCONTEXT('Annotation','Plan',*,*,*,*,#22,$,.PLAN_VIEW.,$);
#26=IFCGEOMETRICREPRESENTATIONSUBCONTEXT('Annotation','Plan',*,*,*,*,#22,$,.REFLECTED_PLAN_VIEW.,$);
#27=IFCSITE('1r4TNK6irCKwYkEvumUxjI',$,'My Site',$,$,#50,$,$,$,$,$,$,$,$);
#33=IFCBUILDING('28vd06L115AOtH3aIHBMfE',$,'My Building',$,$,#56,$,$,$,$,$,$);
#39=IFCBUILDINGSTOREY('1c_YeTbJL5CQ5LIJDMKTTS',$,'GF',$,$,#62,$,$,$,$);
#45=IFCRELAGGREGATES('0kWrSlKv9AwOelt$FnMjk0',$,$,$,#1,(#27));
#46=IFCCARTESIANPOINT((0.,0.,0.));
#47=IFCDIRECTION((0.,0.,1.));
#48=IFCDIRECTION((1.,0.,0.));
#49=IFCAXIS2PLACEMENT3D(#46,#47,#48);
#50=IFCLOCALPLACEMENT($,#49);
#51=IFCRELAGGREGATES('000jPOcm17igNrQR5re1PA',$,$,$,#27,(#33));
#52=IFCCARTESIANPOINT((0.,0.,0.));
#53=IFCDIRECTION((0.,0.,1.));
#54=IFCDIRECTION((1.,0.,0.));
#55=IFCAXIS2PLACEMENT3D(#52,#53,#54);
#56=IFCLOCALPLACEMENT(#50,#55);
#57=IFCRELAGGREGATES('2i4GGvj5DA0uPgvy$_gTZf',$,$,$,#33,(#39,#63));
#58=IFCCARTESIANPOINT((0.,0.,0.));
#59=IFCDIRECTION((0.,0.,1.));
#60=IFCDIRECTION((1.,0.,0.));
#61=IFCAXIS2PLACEMENT3D(#58,#59,#60);
#62=IFCLOCALPLACEMENT(#56,#61);
#63=IFCBUILDINGSTOREY('0wIZgYNir73AezWYPctNcp',$,'2F',$,$,#8738,$,$,$,$);
#80=IFCWALLTYPE('3vzrBG8S948POuisB_ec_b',$,'Wall2ndfloor',$,$,(#85),$,$,$,.SOLIDWALL.);
#81=IFCMATERIAL('Unknown',$,$);
#82=IFCMATERIALLAYERSET((#84),$,$);
#83=IFCRELASSOCIATESMATERIAL('0U2nvltPr6NvBoos$0QBCg',$,$,$,(#80),#82);
#84=IFCMATERIALLAYER(#81,0.10000000000000001,$,$,$,$,$);
#85=IFCPROPERTYSET('1HqyUSHS55ee99CnY4LiSp',$,'EPset_Parametric',$,(#86));
#86=IFCPROPERTYSINGLEVALUE('LayerSetDirection',$,IFCLABEL('AXIS2'),$);
#88=IFCMATERIALLAYERSET((#90),$,$);
#90=IFCMATERIALLAYER(#81,0.10000000000000001,$,$,$,$,$);
#626=IFCWALL('3NDmXypOjDsRKkr3A183On',$,'Wall',$,$,#1164,#634,$,$);
#627=IFCRELCONTAINEDINSPATIALSTRUCTURE('3xkfycHIPDbfpyXRzvi39y',$,$,$,(#753,#2111,#653,#3379,#7995,#778,#678,#3984,#2485,#8235,#3023,#1205,#626,#803,#703,#1230,#728,#3628,#2775,#2447,#6743,#8454,#7686),#39);
#628=IFCRELDEFINESBYTYPE('1lpfWCktD8feHU1KxMGQVx',$,$,$,(#9803,#8905,#2485,#8830,#1205,#9828,#626,#803,#703,#8755,#1230,#9408,#728,#9446,#8855,#9765,#2447,#8880,#8780,#2111,#653,#753,#778,#678,#9484),#80);
#629=IFCMATERIALLAYERSETUSAGE(#82,.AXIS2.,.POSITIVE.,0.,$);
#630=IFCRELASSOCIATESMATERIAL('1lV503Z1zEsAesQJoCFWHZ',$,$,$,(#626),#629);
#634=IFCPRODUCTDEFINITIONSHAPE($,$,(#1204,#1201));
#650=IFCPROPERTYSET('0aCgDJwOj39PiRjZcnNaSW',$,'EPset_Parametric',$,(#652));
#651=IFCRELDEFINESBYPROPERTIES('07H1hvxpzCfwkjNhu7FGLb',$,$,$,(#626),#650);
#652=IFCPROPERTYSINGLEVALUE('Engine',$,IFCLABEL('Bonsai.DumbLayer2'),$);
#653=IFCWALL('2ycyoclEH8Bwcgzm0Knciv',$,'Wall',$,$,#664,#659,$,$);
#654=IFCMATERIALLAYERSETUSAGE(#82,.AXIS2.,.POSITIVE.,0.,$);
#655=IFCRELASSOCIATESMATERIAL('0_$IAupWH2bB5DTd_NAXYc',$,$,$,(#653),#654);
#659=IFCPRODUCTDEFINITIONSHAPE($,$,(#1191,#1188));
#660=IFCCARTESIANPOINT((4.2266049385070801,-2.5901062488555908,0.));
#661=IFCDIRECTION((0.,0.,1.));
#662=IFCDIRECTION((7.5497901264043109E-08,0.99999999999999711,0.));
#663=IFCAXIS2PLACEMENT3D(#660,#661,#662);
#664=IFCLOCALPLACEMENT(#62,#663);
#675=IFCPROPERTYSET('24lqMhwEnEEgHnE$bYWpWi',$,'EPset_Parametric',$,(#677));
#676=IFCRELDEFINESBYPROPERTIES('3N6JnbGwn45huodFDgiNOq',$,$,$,(#653),#675);
#677=IFCPROPERTYSINGLEVALUE('Engine',$,IFCLABEL('Bonsai.DumbLayer2'),$);
#678=IFCWALL('2GmGwC3Tr2XugFAv8GLbGx',$,'Wall',$,$,#977,#684,$,$);
#679=IFCMATERIALLAYERSETUSAGE(#82,.AXIS2.,.POSITIVE.,0.,$);
#680=IFCRELASSOCIATESMATERIAL('2_wW6QrSj9z9DRIUYzcTVa',$,$,$,(#678),#679);
#684=IFCPRODUCTDEFINITIONSHAPE($,$,(#1022,#1019));
#700=IFCPROPERTYSET('3_yfopcEj60Rexz3xFFR61',$,'EPset_Parametric',$,(#702));
#701=IFCRELDEFINESBYPROPERTIES('3xEb4jZWnFP8jcvDaoAwJQ',$,$,$,(#678),#700);
#702=IFCPROPERTYSINGLEVALUE('Engine',$,IFCLABEL('Bonsai.DumbLayer2'),$);
#703=IFCWALL('2arBcGhq93cOemtsYK1vEF',$,'Wall',$,$,#6658,#709,$,$);
#704=IFCMATERIALLAYERSETUSAGE(#82,.AXIS2.,.POSITIVE.,0.,$);
#705=IFCRELASSOCIATESMATERIAL('0qz1cS$v17fAhYa1EdjlGr',$,$,$,(#703),#704);
#709=IFCPRODUCTDEFINITIONSHAPE($,$,(#2382,#2379));
#725=IFCPROPERTYSET('3yO0tMAMT7ZP605vIoG2MG',$,'EPset_Parametric',$,(#727));
#726=IFCRELDEFINESBYPROPERTIES('3sso40tAL3SQhvB9E9hmJ7',$,$,$,(#703),#725);
#727=IFCPROPERTYSINGLEVALUE('Engine',$,IFCLABEL('Bonsai.DumbLayer2'),$);
#728=IFCWALL('2MUif2dp95Vw204VsWolNH',$,'Wall',$,$,#2768,#734,$,$);
#729=IFCMATERIALLAYERSETUSAGE(#82,.AXIS2.,.POSITIVE.,0.,$);
#730=IFCRELASSOCIATESMATERIAL('1ZDMyhxFDAMPdcoVZjVRBi',$,$,$,(#728),#729);
#734=IFCPRODUCTDEFINITIONSHAPE($,$,(#2763,#2760));
#750=IFCPROPERTYSET('3Aalk_eh57Peo449$YlNTc',$,'EPset_Parametric',$,(#752));
#751=IFCRELDEFINESBYPROPERTIES('1yb1reuITEpgVsCEQ7b70S',$,$,$,(#728),#750);
#752=IFCPROPERTYSINGLEVALUE('Engine',$,IFCLABEL('Bonsai.DumbLayer2'),$);
#753=IFCWALL('0SXsRUcZL4HuQi5e_qllLP',$,'Wall',$,$,#1068,#759,$,$);
#754=IFCMATERIALLAYERSETUSAGE(#82,.AXIS2.,.POSITIVE.,0.,$);
#755=IFCRELASSOCIATESMATERIAL('0wvXWqo8T5J8FatALwkJks',$,$,$,(#753),#754);
#759=IFCPRODUCTDEFINITIONSHAPE($,$,(#1113,#1110));
#775=IFCPROPERTYSET('0DEJTUCzz5kxA2QdKEp6NP',$,'EPset_Parametric',$,(#777));
#776=IFCRELDEFINESBYPROPERTIES('1O$HRlvYj0bADxYKpC_h_A',$,$,$,(#753),#775);
#777=IFCPROPERTYSINGLEVALUE('Engine',$,IFCLABEL('Bonsai.DumbLayer2'),$);
#778=IFCWALL('1YDVtKPuzCFxiL1E6eKmPc',$,'Wall',$,$,#1100,#784,$,$);
#779=IFCMATERIALLAYERSETUSAGE(#82,.AXIS2.,.POSITIVE.,0.,$);
#780=IFCRELASSOCIATESMATERIAL('3Q$qCcBRT9OQuj88RpIHda',$,$,$,(#778),#779);
#784=IFCPRODUCTDEFINITIONSHAPE($,$,(#1145,#1142));
#800=IFCPROPERTYSET('0c41gWy6X6_O7CY_kZpBKC',$,'EPset_Parametric',$,(#802));
#801=IFCRELDEFINESBYPROPERTIES('3aHAtU_mj14f4zOQTjYnP$',$,$,$,(#778),#800);
#802=IFCPROPERTYSINGLEVALUE('Engine',$,IFCLABEL('Bonsai.DumbLayer2'),$);
#803=IFCWALL('37mZPZtsf6_vDfMEEq07lt',$,'Wall',$,$,#1132,#809,$,$);
#804=IFCMATERIALLAYERSETUSAGE(#82,.AXIS2.,.POSITIVE.,0.,$);
#805=IFCRELASSOCIATESMATERIAL('02AfLz07H9OfaiT1k6dlrf',$,$,$,(#803),#804);
#809=IFCPRODUCTDEFINITIONSHAPE($,$,(#1177,#1174));
#825=IFCPROPERTYSET('1Gt0X4E_X6VRLnQ9bT5JYB',$,'EPset_Parametric',$,(#827));
#826=IFCRELDEFINESBYPROPERTIES('0wKdlsKvH42fDso$cbonhY',$,$,$,(#803),#825);
#827=IFCPROPERTYSINGLEVALUE('Engine',$,IFCLABEL('Bonsai.DumbLayer2'),$);
#959=IFCRELCONNECTSPATHELEMENTS('0x92D1iQbBCR05KidolY$o',$,$,$,$,#678,#653,(),(),.ATEND.,.ATSTART.);
#973=IFCCARTESIANPOINT((4.2266056255380287,6.5098943710328907,0.));
#974=IFCDIRECTION((0.,0.,1.));
#975=IFCDIRECTION((-0.99999999999998868,-1.5099580252808492E-07,0.));
#976=IFCAXIS2PLACEMENT3D(#973,#974,#975);
#977=IFCLOCALPLACEMENT(#62,#976);
#991=IFCRELCONNECTSPATHELEMENTS('1aKSSvV1z3Guu5UEYxj$Cz',$,$,$,$,#703,#678,(),(),.ATEND.,.ATSTART.);
#1010=IFCCARTESIANPOINTLIST2D(((0.,0.),(0.10000002264937295,0.10000000000000001),(3.3500012191016491,0.10000000000000001),(3.450001211551859,0.)));
#1011=IFCINDEXEDPOLYCURVE(#1010,(IFCLINEINDEX((1,2,3,4,1))),$);
#1012=IFCARBITRARYCLOSEDPROFILEDEF(.AREA.,$,#1011);
#1013=IFCCARTESIANPOINT((0.,0.,0.));
#1014=IFCDIRECTION((0.,0.,1.));
#1015=IFCDIRECTION((1.,0.,0.));
#1016=IFCAXIS2PLACEMENT3D(#1013,#1014,#1015);
#1017=IFCDIRECTION((0.,0.,1.));
#1018=IFCEXTRUDEDAREASOLID(#1012,#1016,#1017,3.);
#1019=IFCSHAPEREPRESENTATION(#11,'Body','SweptSolid',(#1018));
#1020=IFCCARTESIANPOINTLIST2D(((0.,0.),(3.450001211551859,0.)));
#1021=IFCINDEXEDPOLYCURVE(#1020,$,$);
#1022=IFCSHAPEREPRESENTATION(#23,'Axis','Curve2D',(#1021));
#1050=IFCRELCONNECTSPATHELEMENTS('3RVOxg5UL6aeL_PQe_OjFe',$,$,$,$,#753,#728,(),(),.ATEND.,.ATSTART.);
#1064=IFCCARTESIANPOINT((-2.7733950614929883,5.0598949905141088,0.));
#1065=IFCDIRECTION((0.,0.,1.));
#1066=IFCDIRECTION((7.5497901264043123E-08,-0.99999999999999722,0.));
#1067=IFCAXIS2PLACEMENT3D(#1064,#1065,#1066);
#1068=IFCLOCALPLACEMENT(#62,#1067);
#1082=IFCRELCONNECTSPATHELEMENTS('3_QhPybsnC7PrrLBzt1VBl',$,$,$,$,#778,#753,(),(),.ATEND.,.ATSTART.);
#1096=IFCCARTESIANPOINT((-2.7733946689038476,-0.1401057243347168,0.));
#1097=IFCDIRECTION((0.,0.,1.));
#1098=IFCDIRECTION((1.,0.,0.));
#1099=IFCAXIS2PLACEMENT3D(#1096,#1097,#1098);
#1100=IFCLOCALPLACEMENT(#62,#1099);
#1101=IFCCARTESIANPOINTLIST2D(((0.,0.),(0.10000004649123768,0.10000000000000001),(5.1000007223986303,0.10000000000000001),(5.2000007148488407,0.)));
#1102=IFCINDEXEDPOLYCURVE(#1101,(IFCLINEINDEX((1,2,3,4,1))),$);
#1103=IFCARBITRARYCLOSEDPROFILEDEF(.AREA.,$,#1102);
#1104=IFCCARTESIANPOINT((0.,0.,0.));
#1105=IFCDIRECTION((0.,0.,1.));
#1106=IFCDIRECTION((1.,0.,0.));
#1107=IFCAXIS2PLACEMENT3D(#1104,#1105,#1106);
#1108=IFCDIRECTION((0.,0.,1.));
#1109=IFCEXTRUDEDAREASOLID(#1103,#1107,#1108,3.);
#1110=IFCSHAPEREPRESENTATION(#11,'Body','SweptSolid',(#1109));
#1111=IFCCARTESIANPOINTLIST2D(((0.,0.),(5.2000007148488407,0.)));
#1112=IFCINDEXEDPOLYCURVE(#1111,$,$);
#1113=IFCSHAPEREPRESENTATION(#23,'Axis','Curve2D',(#1112));
#1114=IFCRELCONNECTSPATHELEMENTS('3NpVcq1DL7nOvMs7I1Rtc$',$,$,$,$,#803,#778,(),(),.ATEND.,.ATSTART.);
#1128=IFCCARTESIANPOINT((0.22660541534420187,-0.14010572433471677,0.));
#1129=IFCDIRECTION((0.,0.,1.));
#1130=IFCDIRECTION((-1.6292068494294439E-07,-0.99999999999998679,0.));
#1131=IFCAXIS2PLACEMENT3D(#1128,#1129,#1130);
#1132=IFCLOCALPLACEMENT(#62,#1131);
#1133=IFCCARTESIANPOINTLIST2D(((0.,0.),(0.099999992450210171,0.10000000000000001),(3.1000001005401194,0.10000000000000001),(3.0000000842480494,0.)));
#1134=IFCINDEXEDPOLYCURVE(#1133,(IFCLINEINDEX((1,2,3,4,1))),$);
#1135=IFCARBITRARYCLOSEDPROFILEDEF(.AREA.,$,#1134);
#1136=IFCCARTESIANPOINT((0.,0.,0.));
#1137=IFCDIRECTION((0.,0.,1.));
#1138=IFCDIRECTION((1.,0.,0.));
#1139=IFCAXIS2PLACEMENT3D(#1136,#1137,#1138);
#1140=IFCDIRECTION((0.,0.,1.));
#1141=IFCEXTRUDEDAREASOLID(#1135,#1139,#1140,3.);
#1142=IFCSHAPEREPRESENTATION(#11,'Body','SweptSolid',(#1141));
#1143=IFCCARTESIANPOINTLIST2D(((0.,0.),(3.0000000842480494,0.)));
#1144=IFCINDEXEDPOLYCURVE(#1143,$,$);
#1145=IFCSHAPEREPRESENTATION(#23,'Axis','Curve2D',(#1144));
#1146=IFCRELCONNECTSPATHELEMENTS('1eWycUQmfDPur8TkGaNT7d',$,$,$,$,#626,#803,(),(),.ATEND.,.ATSTART.);
#1160=IFCCARTESIANPOINT((0.22660501618843831,-2.5901062488555908,0.));
#1161=IFCDIRECTION((0.,0.,1.));
#1162=IFCDIRECTION((1.,0.,0.));
#1163=IFCAXIS2PLACEMENT3D(#1160,#1161,#1162);
#1164=IFCLOCALPLACEMENT(#62,#1163);
#1165=IFCCARTESIANPOINTLIST2D(((0.,0.),(-0.10000001629206982,0.10000000000000001),(2.350000508228836,0.10000000000000001),(2.450000524520906,0.)));
#1166=IFCINDEXEDPOLYCURVE(#1165,(IFCLINEINDEX((1,2,3,4,1))),$);
#1167=IFCARBITRARYCLOSEDPROFILEDEF(.AREA.,$,#1166);
#1168=IFCCARTESIANPOINT((0.,0.,0.));
#1169=IFCDIRECTION((0.,0.,1.));
#1170=IFCDIRECTION((1.,0.,0.));
#1171=IFCAXIS2PLACEMENT3D(#1168,#1169,#1170);
#1172=IFCDIRECTION((0.,0.,1.));
#1173=IFCEXTRUDEDAREASOLID(#1167,#1171,#1172,3.);
#1174=IFCSHAPEREPRESENTATION(#11,'Body','SweptSolid',(#1173));
#1175=IFCCARTESIANPOINTLIST2D(((0.,0.),(2.450000524520906,0.)));
#1176=IFCINDEXEDPOLYCURVE(#1175,$,$);
#1177=IFCSHAPEREPRESENTATION(#23,'Axis','Curve2D',(#1176));
#1178=IFCRELCONNECTSPATHELEMENTS('28o7fDVkT2IgIySQYl_Lsm',$,$,$,$,#653,#626,(),(),.ATEND.,.ATSTART.);
#1179=IFCCARTESIANPOINTLIST2D(((0.,0.),(0.099999992450210157,0.10000000000000001),(9.0000005972391328,0.10000000000000001),(9.1000006198885064,0.)));
#1180=IFCINDEXEDPOLYCURVE(#1179,(IFCLINEINDEX((1,2,3,4,1))),$);
#1181=IFCARBITRARYCLOSEDPROFILEDEF(.AREA.,$,#1180);
#1182=IFCCARTESIANPOINT((0.,0.,0.));
#1183=IFCDIRECTION((0.,0.,1.));
#1184=IFCDIRECTION((1.,0.,0.));
#1185=IFCAXIS2PLACEMENT3D(#1182,#1183,#1184);
#1186=IFCDIRECTION((0.,0.,1.));
#1187=IFCEXTRUDEDAREASOLID(#1181,#1185,#1186,3.);
#1188=IFCSHAPEREPRESENTATION(#11,'Body','SweptSolid',(#1187));
#1189=IFCCARTESIANPOINTLIST2D(((0.,0.),(9.1000006198885064,0.)));
#1190=IFCINDEXEDPOLYCURVE(#1189,$,$);
#1191=IFCSHAPEREPRESENTATION(#23,'Axis','Curve2D',(#1190));
#1192=IFCCARTESIANPOINTLIST2D(((0.,0.),(0.10000001629206984,0.10000000000000001),(3.8999999298684318,0.10000000000000001),(3.9999999223186418,0.)));
#1193=IFCINDEXEDPOLYCURVE(#1192,(IFCLINEINDEX((1,2,3,4,1))),$);
#1194=IFCARBITRARYCLOSEDPROFILEDEF(.AREA.,$,#1193);
#1195=IFCCARTESIANPOINT((0.,0.,0.));
#1196=IFCDIRECTION((0.,0.,1.));
#1197=IFCDIRECTION((1.,0.,0.));
#1198=IFCAXIS2PLACEMENT3D(#1195,#1196,#1197);
#1199=IFCDIRECTION((0.,0.,1.));
#1200=IFCEXTRUDEDAREASOLID(#1194,#1198,#1199,3.);
#1201=IFCSHAPEREPRESENTATION(#11,'Body','SweptSolid',(#1200));
#1202=IFCCARTESIANPOINTLIST2D(((0.,0.),(3.9999999223186418,0.)));
#1203=IFCINDEXEDPOLYCURVE(#1202,$,$);
#1204=IFCSHAPEREPRESENTATION(#23,'Axis','Curve2D',(#1203));
#1205=IFCWALL('2m_$9UDdfBjOt48kqISDjy',$,'Wall',$,$,#1216,#1211,$,$);
#1206=IFCMATERIALLAYERSETUSAGE(#82,.AXIS2.,.POSITIVE.,0.,$);
#1207=IFCRELASSOCIATESMATERIAL('28Tdosi_jFOQtZn8pM4yWV',$,$,$,(#1205),#1206);
#1211=IFCPRODUCTDEFINITIONSHAPE($,$,(#1307,#1304));
#1212=IFCCARTESIANPOINT((0.32660543918609619,-0.040105722844600677,0.));
#1213=IFCDIRECTION((0.,0.,1.));
#1214=IFCDIRECTION((7.5497901264043109E-08,0.99999999999999711,0.));
#1215=IFCAXIS2PLACEMENT3D(#1212,#1213,#1214);
#1216=IFCLOCALPLACEMENT(#62,#1215);
#1227=IFCPROPERTYSET('13br0UaFH6sfq69Z7pcvWR',$,'EPset_Parametric',$,(#1229));
#1228=IFCRELDEFINESBYPROPERTIES('1Qje7KIhz4eRs7OLQuQ5rO',$,$,$,(#1205),#1227);
#1229=IFCPROPERTYSINGLEVALUE('Engine',$,IFCLABEL('Bonsai.DumbLayer2'),$);
#1230=IFCWALL('2LLNor9fzBYBxzQKpAhn6a',$,'Wall',$,$,#1241,#1236,$,$);
#1231=IFCMATERIALLAYERSETUSAGE(#82,.AXIS2.,.POSITIVE.,0.,$);
#1232=IFCRELASSOCIATESMATERIAL('28wqetbdX8Jhv9VRNomAoZ',$,$,$,(#1230),#1231);
#1236=IFCPRODUCTDEFINITIONSHAPE($,$,(#1294,#1291));
#1237=IFCCARTESIANPOINT((0.32660564780235291,2.6598942279815674,0.));
#1238=IFCDIRECTION((0.,0.,1.));
#1239=IFCDIRECTION((-0.99999037585370276,-0.0043872770565054758,0.));
#1240=IFCAXIS2PLACEMENT3D(#1237,#1238,#1239);
#1241=IFCLOCALPLACEMENT(#62,#1240);
#1252=IFCPROPERTYSET('0AqWIcBi54sQqdhjldapmA',$,'EPset_Parametric',$,(#1254));
#1253=IFCRELDEFINESBYPROPERTIES('2rmQ_M0lrB$vd_Pm9NSxE8',$,$,$,(#1230),#1252);
#1254=IFCPROPERTYSINGLEVALUE('Engine',$,IFCLABEL('Bonsai.DumbLayer2'),$);
#1281=IFCRELCONNECTSPATHELEMENTS('2NOCTZ_W13EhCRSi_dzRUC',$,$,$,$,#1230,#1205,(),(),.ATEND.,.ATSTART.);
#1282=IFCCARTESIANPOINTLIST2D(((0.,0.),(0.10043970193502244,0.10000000000000001),(3.0000291866160032,0.10000000000000001),(3.0000291866160032,0.)));
#1283=IFCINDEXEDPOLYCURVE(#1282,(IFCLINEINDEX((1,2,3,4,1))),$);
#1284=IFCARBITRARYCLOSEDPROFILEDEF(.AREA.,$,#1283);
#1285=IFCCARTESIANPOINT((0.,0.,0.));
#1286=IFCDIRECTION((0.,0.,1.));
#1287=IFCDIRECTION((1.,0.,0.));
#1288=IFCAXIS2PLACEMENT3D(#1285,#1286,#1287);
#1289=IFCDIRECTION((0.,0.,1.));
#1290=IFCEXTRUDEDAREASOLID(#1284,#1288,#1289,3.);
#1291=IFCSHAPEREPRESENTATION(#11,'Body','SweptSolid',(#1290));
#1292=IFCCARTESIANPOINTLIST2D(((0.,0.),(3.0000291866160032,0.)));
#1293=IFCINDEXEDPOLYCURVE(#1292,$,$);
#1294=IFCSHAPEREPRESENTATION(#23,'Axis','Curve2D',(#1293));
#1295=IFCCARTESIANPOINTLIST2D(((0.,0.),(0.,0.10000000000000001),(2.5995602488702172,0.10000000000000001),(2.6999999508052399,0.)));
#1296=IFCINDEXEDPOLYCURVE(#1295,(IFCLINEINDEX((1,2,3,4,1))),$);
#1297=IFCARBITRARYCLOSEDPROFILEDEF(.AREA.,$,#1296);
#1298=IFCCARTESIANPOINT((0.,0.,0.));
#1299=IFCDIRECTION((0.,0.,1.));
#1300=IFCDIRECTION((1.,0.,0.));
#1301=IFCAXIS2PLACEMENT3D(#1298,#1299,#1300);
#1302=IFCDIRECTION((0.,0.,1.));
#1303=IFCEXTRUDEDAREASOLID(#1297,#1301,#1302,3.);
#1304=IFCSHAPEREPRESENTATION(#11,'Body','SweptSolid',(#1303));
#1305=IFCCARTESIANPOINTLIST2D(((0.,0.),(2.6999999508052399,0.)));
#1306=IFCINDEXEDPOLYCURVE(#1305,$,$);
#1307=IFCSHAPEREPRESENTATION(#23,'Axis','Curve2D',(#1306));
#2111=IFCWALL('0VmgpgiTL9NBwkK6KTu5ak',$,'Wall',$,$,#2179,#2117,$,$);
#2112=IFCMATERIALLAYERSETUSAGE(#82,.AXIS2.,.POSITIVE.,0.,$);
#2113=IFCRELASSOCIATESMATERIAL('2bHcDocXrBGf_GTksjQNob',$,$,$,(#2111),#2112);
#2117=IFCPRODUCTDEFINITIONSHAPE($,$,(#2672,#2669));
#2133=IFCPROPERTYSET('3aBiEkOen8sgJH6iZMVVbE',$,'EPset_Parametric',$,(#2135));
#2134=IFCRELDEFINESBYPROPERTIES('3LfmG30wr8LRWidCV0gS9E',$,$,$,(#2111),#2133);
#2135=IFCPROPERTYSINGLEVALUE('Engine',$,IFCLABEL('Bonsai.DumbLayer2'),$);
#2175=IFCCARTESIANPOINT((-1.1733944416046143,2.653313159942627,0.));
#2176=IFCDIRECTION((0.,0.,1.));
#2177=IFCDIRECTION((1.9470718370939353E-07,0.99999999999998113,0.));
#2178=IFCAXIS2PLACEMENT3D(#2175,#2176,#2177);
#2179=IFCLOCALPLACEMENT(#62,#2178);
#2180=IFCRELCONNECTSPATHELEMENTS('1somQa30r95RxiTJ732raD',$,$,$,$,#2111,#728,(),(),.ATPATH.,.ATEND.);
#2370=IFCCARTESIANPOINTLIST2D(((0.,0.),(0.099999992450210171,0.10000000000000001),(1.5500002884951649,0.10000000000000001),(1.4500002420039273,0.)));
#2371=IFCINDEXEDPOLYCURVE(#2370,(IFCLINEINDEX((1,2,3,4,1))),$);
#2372=IFCARBITRARYCLOSEDPROFILEDEF(.AREA.,$,#2371);
#2373=IFCCARTESIANPOINT((0.,0.,0.));
#2374=IFCDIRECTION((0.,0.,1.));
#2375=IFCDIRECTION((1.,0.,0.));
#2376=IFCAXIS2PLACEMENT3D(#2373,#2374,#2375);
#2377=IFCDIRECTION((0.,0.,1.));
#2378=IFCEXTRUDEDAREASOLID(#2372,#2376,#2377,3.);
#2379=IFCSHAPEREPRESENTATION(#11,'Body','SweptSolid',(#2378));
#2380=IFCCARTESIANPOINTLIST2D(((0.,0.),(1.4500002420039273,0.)));
#2381=IFCINDEXEDPOLYCURVE(#2380,$,$);
#2382=IFCSHAPEREPRESENTATION(#23,'Axis','Curve2D',(#2381));
#2447=IFCWALL('0QqzWEEPv9NhO4RM7dWurM',$,'Wall',$,$,#2736,#2453,$,$);
#2448=IFCMATERIALLAYERSETUSAGE(#82,.AXIS2.,.POSITIVE.,0.,$);
#2449=IFCRELASSOCIATESMATERIAL('3hce1HBOX1t93ep9$v_VGe',$,$,$,(#2447),#2448);
#2453=IFCPRODUCTDEFINITIONSHAPE($,$,(#2731,#2728));
#2469=IFCPROPERTYSET('0ueKsuA_z7Ngy5zBHvj$q$',$,'EPset_Parametric',$,(#2471));
#2470=IFCRELDEFINESBYPROPERTIES('3eC1pDz4rFPAY1uUofaCyw',$,$,$,(#2447),#2469);
#2471=IFCPROPERTYSINGLEVALUE('Engine',$,IFCLABEL('Bonsai.DumbLayer2'),$);
#2485=IFCWALL('3vLaxqH1rBfPVLtE2C3SHT',$,'Wall',$,$,#2677,#2491,$,$);
#2486=IFCMATERIALLAYERSETUSAGE(#82,.AXIS2.,.POSITIVE.,0.,$);
#2487=IFCRELASSOCIATESMATERIAL('18bGrY4cPFSOA2OXEBh0cH',$,$,$,(#2485),#2486);
#2491=IFCPRODUCTDEFINITIONSHAPE($,$,(#2750,#2747));
#2507=IFCPROPERTYSET('3aBpodHi93jeN_Xi2U7sfL',$,'EPset_Parametric',$,(#2509));
#2508=IFCRELDEFINESBYPROPERTIES('0fq7ZKLsPBNfzk7CXZajWb',$,$,$,(#2485),#2507);
#2509=IFCPROPERTYSINGLEVALUE('Engine',$,IFCLABEL('Bonsai.DumbLayer2'),$);
#2641=IFCRELCONNECTSPATHELEMENTS('0_B5Vzwgr968TYwkcTueoT',$,$,$,$,#2447,#2111,(),(),.ATPATH.,.ATEND.);
#2660=IFCCARTESIANPOINTLIST2D(((0.,0.),(0.,0.10000000000000001),(2.3065812269788322,0.10000000000000001),(2.3065812075081138,0.)));
#2661=IFCINDEXEDPOLYCURVE(#2660,(IFCLINEINDEX((1,2,3,4,1))),$);
#2662=IFCARBITRARYCLOSEDPROFILEDEF(.AREA.,$,#2661);
#2663=IFCCARTESIANPOINT((0.,0.,0.));
#2664=IFCDIRECTION((0.,0.,1.));
#2665=IFCDIRECTION((1.,0.,0.));
#2666=IFCAXIS2PLACEMENT3D(#2663,#2664,#2665);
#2667=IFCDIRECTION((0.,0.,1.));
#2668=IFCEXTRUDEDAREASOLID(#2662,#2666,#2667,3.);
#2669=IFCSHAPEREPRESENTATION(#11,'Body','SweptSolid',(#2668));
#2670=IFCCARTESIANPOINTLIST2D(((0.,0.),(2.4065812075081157,0.)));
#2671=IFCINDEXEDPOLYCURVE(#2670,$,$);
#2672=IFCSHAPEREPRESENTATION(#23,'Axis','Curve2D',(#2671));
#2673=IFCCARTESIANPOINT((0.91134470701217651,3.5734870433807373,0.));
#2674=IFCDIRECTION((0.,0.,1.));
#2675=IFCDIRECTION((1.9470718370939353E-07,0.99999999999998113,0.));
#2676=IFCAXIS2PLACEMENT3D(#2673,#2674,#2675);
#2677=IFCLOCALPLACEMENT(#62,#2676);
#2705=IFCRELCONNECTSPATHELEMENTS('0J60x2uKvA4RLAR0bJZXn2',$,$,$,$,#2485,#2447,(),(),.ATSTART.,.ATSTART.);
#2719=IFCCARTESIANPOINTLIST2D(((0.10000000000000012,0.),(4.3711381181310571E-09,0.10000000000000001),(2.0847389738234261,0.10000000000000001),(2.084738969452288,0.)));
#2720=IFCINDEXEDPOLYCURVE(#2719,(IFCLINEINDEX((1,2,3,4,1))),$);
#2721=IFCARBITRARYCLOSEDPROFILEDEF(.AREA.,$,#2720);
#2722=IFCCARTESIANPOINT((0.,0.,0.));
#2723=IFCDIRECTION((0.,0.,1.));
#2724=IFCDIRECTION((1.,0.,0.));
#2725=IFCAXIS2PLACEMENT3D(#2722,#2723,#2724);
#2726=IFCDIRECTION((0.,0.,1.));
#2727=IFCEXTRUDEDAREASOLID(#2721,#2725,#2726,3.);
#2728=IFCSHAPEREPRESENTATION(#11,'Body','SweptSolid',(#2727));
#2729=IFCCARTESIANPOINTLIST2D(((0.,0.),(2.084738969452288,0.)));
#2730=IFCINDEXEDPOLYCURVE(#2729,$,$);
#2731=IFCSHAPEREPRESENTATION(#23,'Axis','Curve2D',(#2730));
#2732=IFCCARTESIANPOINT((0.91134470701217674,3.5734870433807373,0.));
#2733=IFCDIRECTION((0.,0.,1.));
#2734=IFCDIRECTION((-0.99999999999998868,1.5099580252808492E-07,0.));
#2735=IFCAXIS2PLACEMENT3D(#2732,#2733,#2734);
#2736=IFCLOCALPLACEMENT(#62,#2735);
#2737=IFCRELCONNECTSPATHELEMENTS('0rrzhqDFL8jgRvljdBYyOZ',$,$,$,$,#2485,#728,(),(),.ATSTART.,.ATEND.);
#2738=IFCCARTESIANPOINTLIST2D(((-0.10000000000000012,0.),(-4.3711381181309306E-09,0.10000000000000001),(1.3864065317133978,0.10000000000000001),(1.4864065122426813,0.)));
#2739=IFCINDEXEDPOLYCURVE(#2738,(IFCLINEINDEX((1,2,3,4,1))),$);
#2740=IFCARBITRARYCLOSEDPROFILEDEF(.AREA.,$,#2739);
#2741=IFCCARTESIANPOINT((0.,0.,0.));
#2742=IFCDIRECTION((0.,0.,1.));
#2743=IFCDIRECTION((1.,0.,0.));
#2744=IFCAXIS2PLACEMENT3D(#2741,#2742,#2743);
#2745=IFCDIRECTION((0.,0.,1.));
#2746=IFCEXTRUDEDAREASOLID(#2740,#2744,#2745,3.);
#2747=IFCSHAPEREPRESENTATION(#11,'Body','SweptSolid',(#2746));
#2748=IFCCARTESIANPOINTLIST2D(((0.,0.),(1.4864065122426813,0.)));
#2749=IFCINDEXEDPOLYCURVE(#2748,$,$);
#2750=IFCSHAPEREPRESENTATION(#23,'Axis','Curve2D',(#2749));
#2751=IFCCARTESIANPOINTLIST2D(((0.,0.),(0.099999980529283522,0.10000000000000001),(3.5847400114282322,0.10000000000000001),(3.6847400579194698,0.)));
#2752=IFCINDEXEDPOLYCURVE(#2751,(IFCLINEINDEX((1,2,3,4,1))),$);
#2753=IFCARBITRARYCLOSEDPROFILEDEF(.AREA.,$,#2752);
#2754=IFCCARTESIANPOINT((0.,0.,0.));
#2755=IFCDIRECTION((0.,0.,1.));
#2756=IFCDIRECTION((1.,0.,0.));
#2757=IFCAXIS2PLACEMENT3D(#2754,#2755,#2756);
#2758=IFCDIRECTION((0.,0.,1.));
#2759=IFCEXTRUDEDAREASOLID(#2753,#2757,#2758,3.);
#2760=IFCSHAPEREPRESENTATION(#11,'Body','SweptSolid',(#2759));
#2761=IFCCARTESIANPOINTLIST2D(((0.,0.),(3.6847400579194698,0.)));
#2762=IFCINDEXEDPOLYCURVE(#2761,$,$);
#2763=IFCSHAPEREPRESENTATION(#23,'Axis','Curve2D',(#2762));
#2764=IFCCARTESIANPOINT((0.91134499642620237,5.0598935556233897,0.));
#2765=IFCDIRECTION((0.,0.,1.));
#2766=IFCDIRECTION((-0.99999999999992428,3.8941436741876494E-07,0.));
#2767=IFCAXIS2PLACEMENT3D(#2764,#2765,#2766);
#2768=IFCLOCALPLACEMENT(#62,#2767);
#2769=IFCSLABTYPE('2jVETRCG94Z8JBYzuIZnMr',$,'slab',$,$,(#2773),$,$,$,.FLOOR.);
#2770=IFCMATERIALLAYERSET((#2772),$,$);
#2771=IFCRELASSOCIATESMATERIAL('0GBdO4$7v69x4MX5bhGZjF',$,$,$,(#2769),#2770);
#2772=IFCMATERIALLAYER(#81,0.10000000000000001,$,$,$,$,$);
#2773=IFCPROPERTYSET('1V$I4J1YX1VfhaXEgzu$A5',$,'EPset_Parametric',$,(#2774));
#2774=IFCPROPERTYSINGLEVALUE('LayerSetDirection',$,IFCLABEL('AXIS3'),$);
#2775=IFCSLAB('02UyX52$v5HfjAUBn8wgqk',$,'Slab',$,$,#2783,#2790,$,$);
#2776=IFCRELDEFINESBYTYPE('172taMAMP0AhkbsV_38w3S',$,$,$,(#2775),#2769);
#2777=IFCMATERIALLAYERSETUSAGE(#2770,.AXIS3.,.POSITIVE.,-0.10000000149011612,$);
#2778=IFCRELASSOCIATESMATERIAL('1GoxKT_zHEIRkBPbG3Igx3',$,$,$,(#2775),#2777);
#2779=IFCCARTESIANPOINT((0.22660501301288605,-2.5901062488555908,0.));
#2780=IFCDIRECTION((0.,0.,1.));
#2781=IFCDIRECTION((1.,0.,0.));
#2782=IFCAXIS2PLACEMENT3D(#2779,#2780,#2781);
#2783=IFCLOCALPLACEMENT(#62,#2782);
#2784=IFCCARTESIANPOINTLIST2D(((0.,0.),(4.,0.),(3.9999995231628418,9.1000003814697266),(0.5645376443862915,9.1048460006713867),(0.56453794240951538,7.65484619140625),(-3.,7.6500015258789062),(-2.9999990463256836,2.450000524520874),(4.0233135223388672E-07,2.450000524520874),(0.,0.)));
#2785=IFCINDEXEDPOLYCURVE(#2784,$,$);
#2786=IFCDIRECTION((0.,0.,1.));
#2787=IFCARBITRARYCLOSEDPROFILEDEF(.AREA.,$,#2785);
#2788=IFCEXTRUDEDAREASOLID(#2787,#2797,#2786,0.10000000000000001);
#2789=IFCSHAPEREPRESENTATION(#11,'Body','SweptSolid',(#2788));
#2790=IFCPRODUCTDEFINITIONSHAPE($,$,(#2789));
#2791=IFCPROPERTYSET('20CRFqmTvAQfbNGNmBgYV8',$,'EPset_Parametric',$,(#2793));
#2792=IFCRELDEFINESBYPROPERTIES('3EremrlwX3TPzRN2MsL8Ru',$,$,$,(#2775),#2791);
#2793=IFCPROPERTYSINGLEVALUE('Engine',$,IFCLABEL('Bonsai.DumbLayer3'),$);
#2794=IFCCARTESIANPOINT((-0.,-0.,-0.10000000149011612));
#2795=IFCDIRECTION((0.,0.,1.));
#2796=IFCDIRECTION((1.,0.,0.));
#2797=IFCAXIS2PLACEMENT3D(#2794,#2795,#2796);
#2798=IFCDOORTYPE('1E$qkpfBHAdAnwzrkZ2Tvq',$,'dur',$,$,(#2799),(#2808,#2886,#2905),$,$,.DOOR.,.SINGLE_SWING_LEFT.,$,$);
#2799=IFCPROPERTYSET('26WcoHRIXDxwPBEiPteUvT',$,'BBIM_Door',$,(#2800));
#2800=IFCPROPERTYSINGLEVALUE('Data',$,IFCTEXT('{"door_type": "SINGLE_SWING_LEFT", "overall_height": 2.0, "overall_width": 0.8999999761581421, "lining_properties": {"lining_depth": 0.05000000074505806, "lining_thickness": 0.05000000074505806, "lining_offset": 0.0, "lining_to_panel_offset_x": 0.02500000037252903, "lining_to_panel_offset_y": 0.02500000037252903, "transom_thickness": 0.0, "casing_thickness": 0.07500000298023224, "casing_depth": 0.004999999888241291, "threshold_thickness": 0.02500000037252903, "threshold_depth": 0.10000000149011612, "threshold_offset": 0.0}, "panel_properties": {"panel_depth": 0.03500000014901161, "panel_width_ratio": 1.0}}'),$);
#2801=IFCCARTESIANPOINTLIST3D(((0.,0.,0.),(0.89999997615814209,0.,0.),(0.89999997615814209,0.,2.),(0.,0.,2.)));
#2802=IFCINDEXEDPOLYCURVE(#2801,(IFCLINEINDEX((1,2,3,4,1))),$);
#2803=IFCSHAPEREPRESENTATION(#18,'Profile','Curve3D',(#2802));
#2804=IFCCARTESIANPOINT((0.,0.,0.));
#2805=IFCDIRECTION((1.,0.,0.));
#2806=IFCDIRECTION((0.,0.,1.));
#2807=IFCAXIS2PLACEMENT3D(#2804,#2806,#2805);
#2808=IFCREPRESENTATIONMAP(#2807,#2803);
#2809=IFCCARTESIANPOINTLIST2D(((0.,0.),(0.,2.),(0.89999997615814209,2.),(0.89999997615814209,0.),(0.87499997578561306,0.),(0.87499997578561306,1.974999999627471),(0.02500000037252903,1.974999999627471),(0.02500000037252903,0.)));
#2810=IFCINDEXEDPOLYCURVE(#2809,(IFCLINEINDEX((1,2,3,4,5,6,7,8,1))),$);
#2811=IFCARBITRARYCLOSEDPROFILEDEF(.AREA.,$,#2810);
#2812=IFCCARTESIANPOINT((0.,0.02500000037252903,0.));
#2813=IFCDIRECTION((0.,-1.,0.));
#2814=IFCDIRECTION((1.,0.,0.));
#2815=IFCAXIS2PLACEMENT3D(#2812,#2813,#2814);
#2816=IFCDIRECTION((0.,0.,-1.));
#2817=IFCEXTRUDEDAREASOLID(#2811,#2815,#2816,0.02500000037252903);
#2818=IFCCARTESIANPOINTLIST2D(((0.,0.),(0.,2.),(0.89999997615814209,2.),(0.89999997615814209,0.),(0.84999997541308403,0.),(0.84999997541308403,1.9499999992549419),(0.05000000074505806,1.9499999992549419),(0.05000000074505806,0.)));
#2819=IFCINDEXEDPOLYCURVE(#2818,(IFCLINEINDEX((1,2,3,4,5,6,7,8,1))),$);
#2820=IFCARBITRARYCLOSEDPROFILEDEF(.AREA.,$,#2819);
#2821=IFCCARTESIANPOINT((0.,0.,0.));
#2822=IFCDIRECTION((0.,-1.,0.));
#2823=IFCDIRECTION((1.,0.,0.));
#2824=IFCAXIS2PLACEMENT3D(#2821,#2822,#2823);
#2825=IFCDIRECTION((0.,0.,-1.));
#2826=IFCEXTRUDEDAREASOLID(#2820,#2824,#2825,0.02500000037252903);
#2827=IFCCARTESIANPOINTLIST2D(((0.,0.),(0.79999997466802597,0.),(0.79999997466802597,0.10000000149011612),(0.,0.10000000149011612)));
#2828=IFCINDEXEDPOLYCURVE(#2827,(IFCLINEINDEX((1,2,3,4,1))),$);
#2829=IFCARBITRARYCLOSEDPROFILEDEF(.AREA.,$,#2828);
#2830=IFCCARTESIANPOINT((0.05000000074505806,0.,0.));
#2831=IFCDIRECTION((0.,0.,1.));
#2832=IFCDIRECTION((1.,0.,0.));
#2833=IFCAXIS2PLACEMENT3D(#2830,#2831,#2832);
#2834=IFCDIRECTION((0.,0.,1.));
#2835=IFCEXTRUDEDAREASOLID(#2829,#2833,#2834,0.02500000037252903);
#2836=IFCCARTESIANPOINTLIST2D(((0.,0.),(0.,2.0250000022351742),(0.94999998062849045,2.0250000022351742),(0.94999998062849045,0.),(0.87499997764825821,0.),(0.87499997764825821,1.9499999992549419),(0.075000002980232239,1.9499999992549419),(0.075000002980232239,0.)));
#2837=IFCINDEXEDPOLYCURVE(#2836,(IFCLINEINDEX((1,2,3,4,5,6,7,8,1))),$);
#2838=IFCARBITRARYCLOSEDPROFILEDEF(.AREA.,$,#2837);
#2839=IFCCARTESIANPOINT((-0.025000002235174179,-0.004999999888241291,0.));
#2840=IFCDIRECTION((0.,-1.,0.));
#2841=IFCDIRECTION((1.,0.,0.));
#2842=IFCAXIS2PLACEMENT3D(#2839,#2840,#2841);
#2843=IFCDIRECTION((0.,0.,-1.));
#2844=IFCEXTRUDEDAREASOLID(#2838,#2842,#2843,0.004999999888241291);
#2845=IFCCARTESIANPOINTLIST2D(((0.,0.),(0.,2.0250000022351742),(0.94999998062849045,2.0250000022351742),(0.94999998062849045,0.),(0.89999997802078724,0.),(0.89999997802078724,1.974999999627471),(0.050000002607703209,1.974999999627471),(0.050000002607703209,0.)));
#2846=IFCINDEXEDPOLYCURVE(#2845,(IFCLINEINDEX((1,2,3,4,5,6,7,8,1))),$);
#2847=IFCARBITRARYCLOSEDPROFILEDEF(.AREA.,$,#2846);
#2848=IFCCARTESIANPOINT((-0.025000002235174179,0.05000000074505806,0.));
#2849=IFCDIRECTION((0.,-1.,0.));
#2850=IFCDIRECTION((1.,0.,0.));
#2851=IFCAXIS2PLACEMENT3D(#2848,#2849,#2850);
#2852=IFCDIRECTION((0.,0.,-1.));
#2853=IFCEXTRUDEDAREASOLID(#2847,#2851,#2852,0.004999999888241291);
#2854=IFCCARTESIANPOINTLIST2D(((0.,0.),(0.84999997541308403,0.),(0.84999997541308403,0.035000000149011612),(0.,0.035000000149011612)));
#2855=IFCINDEXEDPOLYCURVE(#2854,(IFCLINEINDEX((1,2,3,4,1))),$);
#2856=IFCARBITRARYCLOSEDPROFILEDEF(.AREA.,$,#2855);
#2857=IFCCARTESIANPOINT((0.02500000037252903,0.02500000037252903,0.02500000037252903));
#2858=IFCDIRECTION((0.,0.,1.));
#2859=IFCDIRECTION((1.,0.,0.));
#2860=IFCAXIS2PLACEMENT3D(#2857,#2858,#2859);
#2861=IFCDIRECTION((0.,0.,1.));
#2862=IFCEXTRUDEDAREASOLID(#2856,#2860,#2861,1.9499999992549419);
#2863=IFCCARTESIANPOINTLIST2D(((0.,0.),(0.,-0.040000000000000001),(-0.11999999999999988,-0.040000000000000001),(-0.11999999999999988,-0.02),(-0.020000000000000018,-0.02),(-0.020000000000000018,0.)));
#2864=IFCINDEXEDPOLYCURVE(#2863,(IFCLINEINDEX((1,2,3,4,5,6,1))),$);
#2865=IFCARBITRARYCLOSEDPROFILEDEF(.AREA.,$,#2864);
#2866=IFCCARTESIANPOINT((0.82499997578561302,0.02500000037252903,1.015000000372529));
#2867=IFCDIRECTION((0.,0.,1.));
#2868=IFCDIRECTION((1.,0.,0.));
#2869=IFCAXIS2PLACEMENT3D(#2866,#2867,#2868);
#2870=IFCDIRECTION((0.,0.,1.));
#2871=IFCEXTRUDEDAREASOLID(#2865,#2869,#2870,0.02);
#2872=IFCEXTRUDEDAREASOLID(#2873,#2876,#2880,0.02);
#2873=IFCARBITRARYCLOSEDPROFILEDEF(.AREA.,$,#2874);
#2874=IFCINDEXEDPOLYCURVE(#2875,(IFCLINEINDEX((1,2,3,4,5,6,1))),$);
#2875=IFCCARTESIANPOINTLIST2D(((0.,0.),(0.,0.040000000000000008),(-0.11999999999999988,0.040000000000000008),(-0.11999999999999988,0.020000000000000004),(-0.020000000000000018,0.020000000000000004),(-0.020000000000000018,0.)));
#2876=IFCAXIS2PLACEMENT3D(#2877,#2878,#2879);
#2877=IFCCARTESIANPOINT((0.82499997578561302,0.060000000521540642,1.015000000372529));
#2878=IFCDIRECTION((0.,0.,1.));
#2879=IFCDIRECTION((1.,0.,0.));
#2880=IFCDIRECTION((0.,0.,1.));
#2881=IFCSHAPEREPRESENTATION(#11,'Body','SweptSolid',(#2817,#2826,#2862,#2871,#2872,#2835,#2844,#2853));
#2882=IFCCARTESIANPOINT((0.,0.,0.));
#2883=IFCDIRECTION((1.,0.,0.));
#2884=IFCDIRECTION((0.,0.,1.));
#2885=IFCAXIS2PLACEMENT3D(#2882,#2884,#2883);
#2886=IFCREPRESENTATIONMAP(#2885,#2881);
#2887=IFCCARTESIANPOINTLIST2D(((0.,0.),(0.,0.05000000074505806),(0.02500000037252903,0.05000000074505806),(0.02500000037252903,0.02500000037252903),(0.05000000074505806,0.02500000037252903),(0.05000000074505806,0.)));
#2888=IFCINDEXEDPOLYCURVE(#2887,(IFCLINEINDEX((1,2,3,4,5,6,1))),$);
#2889=IFCINDEXEDPOLYCURVE(#2890,(IFCLINEINDEX((1,2,3,4,5,6,1))),$);
#2890=IFCCARTESIANPOINTLIST2D(((0.89999997615814209,0.),(0.89999997615814209,0.05000000074505806),(0.87499997578561306,0.05000000074505806),(0.87499997578561306,0.02500000037252903),(0.84999997541308403,0.02500000037252903),(0.84999997541308403,0.)));
#2891=IFCDIRECTION((1.,0.));
#2892=IFCCARTESIANPOINT((0.060000000521540642,0.05000000074505806));
#2893=IFCAXIS2PLACEMENT2D(#2892,#2891);
#2894=IFCELLIPSE(#2893,0.81499997526407242,0.84999997541308403);
#2895=IFCCARTESIANPOINT((0.87499997578561306,0.05000000074505806));
#2896=IFCCARTESIANPOINT((0.060000000521540642,0.89999997615814209));
#2897=IFCTRIMMEDCURVE(#2894,(#2895),(#2896),.T.,.CARTESIAN.);
#2898=IFCCARTESIANPOINTLIST2D(((0.02500000037252903,0.05000000074505806),(0.060000000521540642,0.05000000074505806),(0.060000000521540642,0.89999997615814209),(0.02500000037252903,0.89999997615814209)));
#2899=IFCINDEXEDPOLYCURVE(#2898,(IFCLINEINDEX((1,2,3,4,1))),$);
#2900=IFCSHAPEREPRESENTATION(#24,'Body','Curve2D',(#2888,#2889,#2897,#2899));
#2901=IFCCARTESIANPOINT((0.,0.,0.));
#2902=IFCDIRECTION((1.,0.,0.));
#2903=IFCDIRECTION((0.,0.,1.));
#2904=IFCAXIS2PLACEMENT3D(#2901,#2903,#2902);
#2905=IFCREPRESENTATIONMAP(#2904,#2900);
#2907=IFCRECTANGLEPROFILEDEF(.AREA.,'New Profile',$,0.5,0.5);
#2908=IFCMATERIALPROFILESET($,$,(#2910),$);
#2910=IFCMATERIALPROFILE($,$,#81,#2907,$,$);
#2912=IFCMATERIALPROFILESET($,$,(#2914),$);
#2914=IFCMATERIALPROFILE($,$,#81,#2907,$,$);
#2915=IFCDOORTYPE('1Wb0P2wzn4Bw5_3ppMAsd0',$,'mindur',$,$,(#2916),(#2918,#2926,#3004),$,$,.DOOR.,.SINGLE_SWING_LEFT.,$,$);
#2916=IFCPROPERTYSET('27DvmJdqj1bh49P3rpYaYt',$,'BBIM_Door',$,(#2917));
#2917=IFCPROPERTYSINGLEVALUE('Data',$,IFCTEXT('{"door_type": "SINGLE_SWING_LEFT", "overall_height": 2.0, "overall_width": 0.8999999761581421, "lining_properties": {"lining_depth": 0.05000000074505806, "lining_thickness": 0.05000000074505806, "lining_offset": 0.0, "lining_to_panel_offset_x": 0.02500000037252903, "lining_to_panel_offset_y": 0.02500000037252903, "transom_thickness": 0.0, "casing_thickness": 0.07500000298023224, "casing_depth": 0.004999999888241291, "threshold_thickness": 0.02500000037252903, "threshold_depth": 0.10000000149011612, "threshold_offset": 0.0}, "panel_properties": {"panel_depth": 0.03500000014901161, "panel_width_ratio": 1.0}}'),$);
#2918=IFCREPRESENTATIONMAP(#2919,#3150);
#2919=IFCAXIS2PLACEMENT3D(#2920,#2921,#2922);
#2920=IFCCARTESIANPOINT((0.,0.,0.));
#2921=IFCDIRECTION((0.,0.,1.));
#2922=IFCDIRECTION((1.,0.,0.));
#2926=IFCREPRESENTATIONMAP(#2927,#3223);
#2927=IFCAXIS2PLACEMENT3D(#2928,#2929,#2930);
#2928=IFCCARTESIANPOINT((0.,0.,0.));
#2929=IFCDIRECTION((0.,0.,1.));
#2930=IFCDIRECTION((1.,0.,0.));
#3004=IFCREPRESENTATIONMAP(#3005,#3241);
#3005=IFCAXIS2PLACEMENT3D(#3006,#3007,#3008);
#3006=IFCCARTESIANPOINT((0.,0.,0.));
#3007=IFCDIRECTION((0.,0.,1.));
#3008=IFCDIRECTION((1.,0.,0.));
#3023=IFCDOOR('14AZg1fWn6ZOzKEwfRlWFt',$,'Door',$,$,#3266,#3032,$,2.,0.89999997615814209,$,.SINGLE_SWING_LEFT.,$);
#3024=IFCRELDEFINESBYTYPE('1smXEmsjH5Ue3ErAw2d0IN',$,$,$,(#3023),#2915);
#3025=IFCCARTESIANPOINT((0.,0.,0.));
#3026=IFCDIRECTION((1.,0.,0.));
#3027=IFCDIRECTION((0.,1.,0.));
#3028=IFCDIRECTION((0.,0.,1.));
#3029=IFCCARTESIANTRANSFORMATIONOPERATOR3D(#3026,#3027,#3025,1.,#3028);
#3030=IFCMAPPEDITEM(#2918,#3029);
#3031=IFCSHAPEREPRESENTATION(#18,'Profile','MappedRepresentation',(#3030));
#3032=IFCPRODUCTDEFINITIONSHAPE($,$,(#3031,#3039,#3046));
#3033=IFCCARTESIANPOINT((0.,0.,0.));
#3034=IFCDIRECTION((1.,0.,0.));
#3035=IFCDIRECTION((0.,1.,0.));
#3036=IFCDIRECTION((0.,0.,1.));
#3037=IFCCARTESIANTRANSFORMATIONOPERATOR3D(#3034,#3035,#3033,1.,#3036);
#3038=IFCMAPPEDITEM(#2926,#3037);
#3039=IFCSHAPEREPRESENTATION(#11,'Body','MappedRepresentation',(#3038));
#3040=IFCCARTESIANPOINT((0.,0.,0.));
#3041=IFCDIRECTION((1.,0.,0.));
#3042=IFCDIRECTION((0.,1.,0.));
#3043=IFCDIRECTION((0.,0.,1.));
#3044=IFCCARTESIANTRANSFORMATIONOPERATOR3D(#3041,#3042,#3040,1.,#3043);
#3045=IFCMAPPEDITEM(#3004,#3044);
#3046=IFCSHAPEREPRESENTATION(#24,'Body','MappedRepresentation',(#3045));
#3047=IFCOPENINGELEMENT('3lo5Z8yEvAVOZd_IiwrBm0',$,'Opening',$,$,#3261,#3075,$,.OPENING.);
#3063=IFCCARTESIANPOINT((0.,0.,0.));
#3064=IFCDIRECTION((1.,0.,0.));
#3065=IFCDIRECTION((0.,0.,1.));
#3066=IFCAXIS2PLACEMENT3D(#3063,#3065,#3064);
#3067=IFCREPRESENTATIONMAP(#3066,#3251);
#3068=IFCCARTESIANPOINT((0.,0.,0.));
#3069=IFCDIRECTION((1.,0.,0.));
#3070=IFCDIRECTION((0.,1.,0.));
#3071=IFCDIRECTION((0.,0.,1.));
#3072=IFCCARTESIANTRANSFORMATIONOPERATOR3D(#3069,#3070,#3068,1.,#3071);
#3073=IFCMAPPEDITEM(#3067,#3072);
#3074=IFCSHAPEREPRESENTATION(#11,'Body','MappedRepresentation',(#3073));
#3075=IFCPRODUCTDEFINITIONSHAPE($,$,(#3074));
#3076=IFCRELVOIDSELEMENT('2VvNsmSxTAwAuY0_WJybTs',$,$,$,#626,#3047);
#3082=IFCRELFILLSELEMENT('0gIwxhLwb9pA_W7sQJGEsb',$,$,$,#3047,#3023);
#3148=IFCCARTESIANPOINTLIST3D(((0.,0.,0.),(0.89999997615814209,0.,0.),(0.89999997615814209,0.,2.),(0.,0.,2.)));
#3149=IFCINDEXEDPOLYCURVE(#3148,(IFCLINEINDEX((1,2,3,4,1))),$);
#3150=IFCSHAPEREPRESENTATION(#18,'Profile','Curve3D',(#3149));
#3151=IFCCARTESIANPOINTLIST2D(((0.,0.),(0.,2.),(0.89999997615814209,2.),(0.89999997615814209,0.),(0.87499997578561306,0.),(0.87499997578561306,1.974999999627471),(0.02500000037252903,1.974999999627471),(0.02500000037252903,0.)));
#3152=IFCINDEXEDPOLYCURVE(#3151,(IFCLINEINDEX((1,2,3,4,5,6,7,8,1))),$);
#3153=IFCARBITRARYCLOSEDPROFILEDEF(.AREA.,$,#3152);
#3154=IFCCARTESIANPOINT((0.,0.02500000037252903,0.));
#3155=IFCDIRECTION((0.,-1.,0.));
#3156=IFCDIRECTION((1.,0.,0.));
#3157=IFCAXIS2PLACEMENT3D(#3154,#3155,#3156);
#3158=IFCDIRECTION((0.,0.,-1.));
#3159=IFCEXTRUDEDAREASOLID(#3153,#3157,#3158,0.02500000037252903);
#3160=IFCCARTESIANPOINTLIST2D(((0.,0.),(0.,2.),(0.89999997615814209,2.),(0.89999997615814209,0.),(0.84999997541308403,0.),(0.84999997541308403,1.9499999992549419),(0.05000000074505806,1.9499999992549419),(0.05000000074505806,0.)));
#3161=IFCINDEXEDPOLYCURVE(#3160,(IFCLINEINDEX((1,2,3,4,5,6,7,8,1))),$);
#3162=IFCARBITRARYCLOSEDPROFILEDEF(.AREA.,$,#3161);
#3163=IFCCARTESIANPOINT((0.,0.,0.));
#3164=IFCDIRECTION((0.,-1.,0.));
#3165=IFCDIRECTION((1.,0.,0.));
#3166=IFCAXIS2PLACEMENT3D(#3163,#3164,#3165);
#3167=IFCDIRECTION((0.,0.,-1.));
#3168=IFCEXTRUDEDAREASOLID(#3162,#3166,#3167,0.02500000037252903);
#3169=IFCCARTESIANPOINTLIST2D(((0.,0.),(0.79999997466802597,0.),(0.79999997466802597,0.10000000149011612),(0.,0.10000000149011612)));
#3170=IFCINDEXEDPOLYCURVE(#3169,(IFCLINEINDEX((1,2,3,4,1))),$);
#3171=IFCARBITRARYCLOSEDPROFILEDEF(.AREA.,$,#3170);
#3172=IFCCARTESIANPOINT((0.05000000074505806,0.,0.));
#3173=IFCDIRECTION((0.,0.,1.));
#3174=IFCDIRECTION((1.,0.,0.));
#3175=IFCAXIS2PLACEMENT3D(#3172,#3173,#3174);
#3176=IFCDIRECTION((0.,0.,1.));
#3177=IFCEXTRUDEDAREASOLID(#3171,#3175,#3176,0.02500000037252903);
#3178=IFCCARTESIANPOINTLIST2D(((0.,0.),(0.,2.0250000022351742),(0.94999998062849045,2.0250000022351742),(0.94999998062849045,0.),(0.87499997764825821,0.),(0.87499997764825821,1.9499999992549419),(0.075000002980232239,1.9499999992549419),(0.075000002980232239,0.)));
#3179=IFCINDEXEDPOLYCURVE(#3178,(IFCLINEINDEX((1,2,3,4,5,6,7,8,1))),$);
#3180=IFCARBITRARYCLOSEDPROFILEDEF(.AREA.,$,#3179);
#3181=IFCCARTESIANPOINT((-0.025000002235174179,-0.004999999888241291,0.));
#3182=IFCDIRECTION((0.,-1.,0.));
#3183=IFCDIRECTION((1.,0.,0.));
#3184=IFCAXIS2PLACEMENT3D(#3181,#3182,#3183);
#3185=IFCDIRECTION((0.,0.,-1.));
#3186=IFCEXTRUDEDAREASOLID(#3180,#3184,#3185,0.004999999888241291);
#3187=IFCCARTESIANPOINTLIST2D(((0.,0.),(0.,2.0250000022351742),(0.94999998062849045,2.0250000022351742),(0.94999998062849045,0.),(0.89999997802078724,0.),(0.89999997802078724,1.974999999627471),(0.050000002607703209,1.974999999627471),(0.050000002607703209,0.)));
#3188=IFCINDEXEDPOLYCURVE(#3187,(IFCLINEINDEX((1,2,3,4,5,6,7,8,1))),$);
#3189=IFCARBITRARYCLOSEDPROFILEDEF(.AREA.,$,#3188);
#3190=IFCCARTESIANPOINT((-0.025000002235174179,0.05000000074505806,0.));
#3191=IFCDIRECTION((0.,-1.,0.));
#3192=IFCDIRECTION((1.,0.,0.));
#3193=IFCAXIS2PLACEMENT3D(#3190,#3191,#3192);
#3194=IFCDIRECTION((0.,0.,-1.));
#3195=IFCEXTRUDEDAREASOLID(#3189,#3193,#3194,0.004999999888241291);
#3196=IFCCARTESIANPOINTLIST2D(((0.,0.),(0.84999997541308403,0.),(0.84999997541308403,0.035000000149011612),(0.,0.035000000149011612)));
#3197=IFCINDEXEDPOLYCURVE(#3196,(IFCLINEINDEX((1,2,3,4,1))),$);
#3198=IFCARBITRARYCLOSEDPROFILEDEF(.AREA.,$,#3197);
#3199=IFCCARTESIANPOINT((0.02500000037252903,0.02500000037252903,0.02500000037252903));
#3200=IFCDIRECTION((0.,0.,1.));
#3201=IFCDIRECTION((1.,0.,0.));
#3202=IFCAXIS2PLACEMENT3D(#3199,#3200,#3201);
#3203=IFCDIRECTION((0.,0.,1.));
#3204=IFCEXTRUDEDAREASOLID(#3198,#3202,#3203,1.9499999992549419);
#3205=IFCCARTESIANPOINTLIST2D(((0.,0.),(0.,-0.040000000000000001),(-0.11999999999999988,-0.040000000000000001),(-0.11999999999999988,-0.02),(-0.020000000000000018,-0.02),(-0.020000000000000018,0.)));
#3206=IFCINDEXEDPOLYCURVE(#3205,(IFCLINEINDEX((1,2,3,4,5,6,1))),$);
#3207=IFCARBITRARYCLOSEDPROFILEDEF(.AREA.,$,#3206);
#3208=IFCCARTESIANPOINT((0.82499997578561302,0.02500000037252903,1.015000000372529));
#3209=IFCDIRECTION((0.,0.,1.));
#3210=IFCDIRECTION((1.,0.,0.));
#3211=IFCAXIS2PLACEMENT3D(#3208,#3209,#3210);
#3212=IFCDIRECTION((0.,0.,1.));
#3213=IFCEXTRUDEDAREASOLID(#3207,#3211,#3212,0.02);
#3214=IFCEXTRUDEDAREASOLID(#3215,#3218,#3222,0.02);
#3215=IFCARBITRARYCLOSEDPROFILEDEF(.AREA.,$,#3216);
#3216=IFCINDEXEDPOLYCURVE(#3217,(IFCLINEINDEX((1,2,3,4,5,6,1))),$);
#3217=IFCCARTESIANPOINTLIST2D(((0.,0.),(0.,0.040000000000000008),(-0.11999999999999988,0.040000000000000008),(-0.11999999999999988,0.020000000000000004),(-0.020000000000000018,0.020000000000000004),(-0.020000000000000018,0.)));
#3218=IFCAXIS2PLACEMENT3D(#3219,#3220,#3221);
#3219=IFCCARTESIANPOINT((0.82499997578561302,0.060000000521540642,1.015000000372529));
#3220=IFCDIRECTION((0.,0.,1.));
#3221=IFCDIRECTION((1.,0.,0.));
#3222=IFCDIRECTION((0.,0.,1.));
#3223=IFCSHAPEREPRESENTATION(#11,'Body','SweptSolid',(#3159,#3168,#3204,#3213,#3214,#3177,#3186,#3195));
#3224=IFCSHAPEREPRESENTATION(#11,'Body','SweptSolid',(#3159,#3168,#3177,#3186,#3195));
#3225=IFCSHAPEASPECT((#3224),'Lining',$,.T.,#3032);
#3226=IFCSHAPEREPRESENTATION(#11,'Body','SweptSolid',(#3204,#3213,#3214));
#3227=IFCSHAPEASPECT((#3226),'Framing',$,.T.,#3032);
#3228=IFCCARTESIANPOINTLIST2D(((0.,0.),(0.,0.05000000074505806),(0.02500000037252903,0.05000000074505806),(0.02500000037252903,0.02500000037252903),(0.05000000074505806,0.02500000037252903),(0.05000000074505806,0.)));
#3229=IFCINDEXEDPOLYCURVE(#3228,(IFCLINEINDEX((1,2,3,4,5,6,1))),$);
#3230=IFCINDEXEDPOLYCURVE(#3231,(IFCLINEINDEX((1,2,3,4,5,6,1))),$);
#3231=IFCCARTESIANPOINTLIST2D(((0.89999997615814209,0.),(0.89999997615814209,0.05000000074505806),(0.87499997578561306,0.05000000074505806),(0.87499997578561306,0.02500000037252903),(0.84999997541308403,0.02500000037252903),(0.84999997541308403,0.)));
#3232=IFCDIRECTION((1.,0.));
#3233=IFCCARTESIANPOINT((0.060000000521540642,0.05000000074505806));
#3234=IFCAXIS2PLACEMENT2D(#3233,#3232);
#3235=IFCELLIPSE(#3234,0.81499997526407242,0.84999997541308403);
#3236=IFCCARTESIANPOINT((0.87499997578561306,0.05000000074505806));
#3237=IFCCARTESIANPOINT((0.060000000521540642,0.89999997615814209));
#3238=IFCTRIMMEDCURVE(#3235,(#3236),(#3237),.T.,.CARTESIAN.);
#3239=IFCCARTESIANPOINTLIST2D(((0.02500000037252903,0.05000000074505806),(0.060000000521540642,0.05000000074505806),(0.060000000521540642,0.89999997615814209),(0.02500000037252903,0.89999997615814209)));
#3240=IFCINDEXEDPOLYCURVE(#3239,(IFCLINEINDEX((1,2,3,4,1))),$);
#3241=IFCSHAPEREPRESENTATION(#24,'Body','Curve2D',(#3229,#3230,#3238,#3240));
#3242=IFCCARTESIANPOINTLIST2D(((0.,0.),(0.89999997615814209,0.),(0.89999997615814209,2.),(0.,2.)));
#3243=IFCINDEXEDPOLYCURVE(#3242,(IFCLINEINDEX((1,2,3,4,1))),$);
#3244=IFCARBITRARYCLOSEDPROFILEDEF(.AREA.,$,#3243);
#3245=IFCCARTESIANPOINT((0.,-0.60000002384185791,0.));
#3246=IFCDIRECTION((0.,-1.,0.));
#3247=IFCDIRECTION((1.,0.,0.));
#3248=IFCAXIS2PLACEMENT3D(#3245,#3246,#3247);
#3249=IFCDIRECTION((0.,0.,-1.));
#3250=IFCEXTRUDEDAREASOLID(#3244,#3248,#3249,1.2);
#3251=IFCSHAPEREPRESENTATION(#11,'Body','SweptSolid',(#3250));
#3257=IFCCARTESIANPOINT((0.34434704165000163,0.015000820159912109,0.));
#3258=IFCDIRECTION((0.,0.,1.));
#3259=IFCDIRECTION((0.99999999999954525,-9.5367431640581632E-07,0.));
#3260=IFCAXIS2PLACEMENT3D(#3257,#3258,#3259);
#3261=IFCLOCALPLACEMENT(#1164,#3260);
#3262=IFCCARTESIANPOINT((-2.2204460492503131E-16,0.,0.));
#3263=IFCDIRECTION((0.,0.,1.));
#3264=IFCDIRECTION((1.,0.,0.));
#3265=IFCAXIS2PLACEMENT3D(#3262,#3263,#3264);
#3266=IFCLOCALPLACEMENT(#3261,#3265);
#3268=IFCMATERIALPROFILESET($,$,(#3270),$);
#3270=IFCMATERIALPROFILE($,$,#81,#2907,$,$);
#3271=IFCDOORTYPE('0FWBommg58BxDdci3DyZ1A',$,'gisdur',$,$,(#3272),(#3274,#3282,#3360),$,$,.DOOR.,.SINGLE_SWING_LEFT.,$,$);
#3272=IFCPROPERTYSET('1D8bSaH8TAYwjt5OhBKtTk',$,'BBIM_Door',$,(#3273));
#3273=IFCPROPERTYSINGLEVALUE('Data',$,IFCTEXT('{"door_type": "SINGLE_SWING_LEFT", "overall_height": 2.0, "overall_width": 0.8999999761581421, "lining_properties": {"lining_depth": 0.05000000074505806, "lining_thickness": 0.05000000074505806, "lining_offset": 0.0, "lining_to_panel_offset_x": 0.02500000037252903, "lining_to_panel_offset_y": 0.02500000037252903, "transom_thickness": 0.0, "casing_thickness": 0.07500000298023224, "casing_depth": 0.004999999888241291, "threshold_thickness": 0.02500000037252903, "threshold_depth": 0.10000000149011612, "threshold_offset": 0.0}, "panel_properties": {"panel_depth": 0.03500000014901161, "panel_width_ratio": 1.0}}'),$);
#3274=IFCREPRESENTATIONMAP(#3275,#3279);
#3275=IFCAXIS2PLACEMENT3D(#3276,#3277,#3278);
#3276=IFCCARTESIANPOINT((0.,0.,0.));
#3277=IFCDIRECTION((0.,0.,1.));
#3278=IFCDIRECTION((1.,0.,0.));
#3279=IFCSHAPEREPRESENTATION(#18,'Profile','Curve3D',(#3280));
#3280=IFCINDEXEDPOLYCURVE(#3281,(IFCLINEINDEX((1,2,3,4,1))),$);
#3281=IFCCARTESIANPOINTLIST3D(((0.,0.,0.),(0.89999997615814209,0.,0.),(0.89999997615814209,0.,2.),(0.,0.,2.)));
#3282=IFCREPRESENTATIONMAP(#3283,#3287);
#3283=IFCAXIS2PLACEMENT3D(#3284,#3285,#3286);
#3284=IFCCARTESIANPOINT((0.,0.,0.));
#3285=IFCDIRECTION((0.,0.,1.));
#3286=IFCDIRECTION((1.,0.,0.));
#3287=IFCSHAPEREPRESENTATION(#11,'Body','SweptSolid',(#3288,#3297,#3306,#3315,#3324,#3333,#3342,#3351));
#3288=IFCEXTRUDEDAREASOLID(#3289,#3292,#3296,0.02500000037252903);
#3289=IFCARBITRARYCLOSEDPROFILEDEF(.AREA.,$,#3290);
#3290=IFCINDEXEDPOLYCURVE(#3291,(IFCLINEINDEX((1,2,3,4,5,6,7,8,1))),$);
#3291=IFCCARTESIANPOINTLIST2D(((0.,0.),(0.,2.),(0.89999997615814209,2.),(0.89999997615814209,0.),(0.87499997578561306,0.),(0.87499997578561306,1.974999999627471),(0.02500000037252903,1.974999999627471),(0.02500000037252903,0.)));
#3292=IFCAXIS2PLACEMENT3D(#3293,#3294,#3295);
#3293=IFCCARTESIANPOINT((0.,0.02500000037252903,0.));
#3294=IFCDIRECTION((0.,-1.,0.));
#3295=IFCDIRECTION((1.,0.,0.));
#3296=IFCDIRECTION((0.,0.,-1.));
#3297=IFCEXTRUDEDAREASOLID(#3298,#3301,#3305,0.02500000037252903);
#3298=IFCARBITRARYCLOSEDPROFILEDEF(.AREA.,$,#3299);
#3299=IFCINDEXEDPOLYCURVE(#3300,(IFCLINEINDEX((1,2,3,4,5,6,7,8,1))),$);
#3300=IFCCARTESIANPOINTLIST2D(((0.,0.),(0.,2.),(0.89999997615814209,2.),(0.89999997615814209,0.),(0.84999997541308403,0.),(0.84999997541308403,1.9499999992549419),(0.05000000074505806,1.9499999992549419),(0.05000000074505806,0.)));
#3301=IFCAXIS2PLACEMENT3D(#3302,#3303,#3304);
#3302=IFCCARTESIANPOINT((0.,0.,0.));
#3303=IFCDIRECTION((0.,-1.,0.));
#3304=IFCDIRECTION((1.,0.,0.));
#3305=IFCDIRECTION((0.,0.,-1.));
#3306=IFCEXTRUDEDAREASOLID(#3307,#3310,#3314,1.9499999992549419);
#3307=IFCARBITRARYCLOSEDPROFILEDEF(.AREA.,$,#3308);
#3308=IFCINDEXEDPOLYCURVE(#3309,(IFCLINEINDEX((1,2,3,4,1))),$);
#3309=IFCCARTESIANPOINTLIST2D(((0.,0.),(0.84999997541308403,0.),(0.84999997541308403,0.035000000149011612),(0.,0.035000000149011612)));
#3310=IFCAXIS2PLACEMENT3D(#3311,#3312,#3313);
#3311=IFCCARTESIANPOINT((0.02500000037252903,0.02500000037252903,0.02500000037252903));
#3312=IFCDIRECTION((0.,0.,1.));
#3313=IFCDIRECTION((1.,0.,0.));
#3314=IFCDIRECTION((0.,0.,1.));
#3315=IFCEXTRUDEDAREASOLID(#3316,#3319,#3323,0.02);
#3316=IFCARBITRARYCLOSEDPROFILEDEF(.AREA.,$,#3317);
#3317=IFCINDEXEDPOLYCURVE(#3318,(IFCLINEINDEX((1,2,3,4,5,6,1))),$);
#3318=IFCCARTESIANPOINTLIST2D(((0.,0.),(0.,-0.040000000000000001),(-0.11999999999999988,-0.040000000000000001),(-0.11999999999999988,-0.02),(-0.020000000000000018,-0.02),(-0.020000000000000018,0.)));
#3319=IFCAXIS2PLACEMENT3D(#3320,#3321,#3322);
#3320=IFCCARTESIANPOINT((0.82499997578561302,0.02500000037252903,1.015000000372529));
#3321=IFCDIRECTION((0.,0.,1.));
#3322=IFCDIRECTION((1.,0.,0.));
#3323=IFCDIRECTION((0.,0.,1.));
#3324=IFCEXTRUDEDAREASOLID(#3325,#3328,#3332,0.02);
#3325=IFCARBITRARYCLOSEDPROFILEDEF(.AREA.,$,#3326);
#3326=IFCINDEXEDPOLYCURVE(#3327,(IFCLINEINDEX((1,2,3,4,5,6,1))),$);
#3327=IFCCARTESIANPOINTLIST2D(((0.,0.),(0.,0.040000000000000008),(-0.11999999999999988,0.040000000000000008),(-0.11999999999999988,0.020000000000000004),(-0.020000000000000018,0.020000000000000004),(-0.020000000000000018,0.)));
#3328=IFCAXIS2PLACEMENT3D(#3329,#3330,#3331);
#3329=IFCCARTESIANPOINT((0.82499997578561302,0.060000000521540642,1.015000000372529));
#3330=IFCDIRECTION((0.,0.,1.));
#3331=IFCDIRECTION((1.,0.,0.));
#3332=IFCDIRECTION((0.,0.,1.));
#3333=IFCEXTRUDEDAREASOLID(#3334,#3337,#3341,0.02500000037252903);
#3334=IFCARBITRARYCLOSEDPROFILEDEF(.AREA.,$,#3335);
#3335=IFCINDEXEDPOLYCURVE(#3336,(IFCLINEINDEX((1,2,3,4,1))),$);
#3336=IFCCARTESIANPOINTLIST2D(((0.,0.),(0.79999997466802597,0.),(0.79999997466802597,0.10000000149011612),(0.,0.10000000149011612)));
#3337=IFCAXIS2PLACEMENT3D(#3338,#3339,#3340);
#3338=IFCCARTESIANPOINT((0.05000000074505806,0.,0.));
#3339=IFCDIRECTION((0.,0.,1.));
#3340=IFCDIRECTION((1.,0.,0.));
#3341=IFCDIRECTION((0.,0.,1.));
#3342=IFCEXTRUDEDAREASOLID(#3343,#3346,#3350,0.004999999888241291);
#3343=IFCARBITRARYCLOSEDPROFILEDEF(.AREA.,$,#3344);
#3344=IFCINDEXEDPOLYCURVE(#3345,(IFCLINEINDEX((1,2,3,4,5,6,7,8,1))),$);
#3345=IFCCARTESIANPOINTLIST2D(((0.,0.),(0.,2.0250000022351742),(0.94999998062849045,2.0250000022351742),(0.94999998062849045,0.),(0.87499997764825821,0.),(0.87499997764825821,1.9499999992549419),(0.075000002980232239,1.9499999992549419),(0.075000002980232239,0.)));
#3346=IFCAXIS2PLACEMENT3D(#3347,#3348,#3349);
#3347=IFCCARTESIANPOINT((-0.025000002235174179,-0.004999999888241291,0.));
#3348=IFCDIRECTION((0.,-1.,0.));
#3349=IFCDIRECTION((1.,0.,0.));
#3350=IFCDIRECTION((0.,0.,-1.));
#3351=IFCEXTRUDEDAREASOLID(#3352,#3355,#3359,0.004999999888241291);
#3352=IFCARBITRARYCLOSEDPROFILEDEF(.AREA.,$,#3353);
#3353=IFCINDEXEDPOLYCURVE(#3354,(IFCLINEINDEX((1,2,3,4,5,6,7,8,1))),$);
#3354=IFCCARTESIANPOINTLIST2D(((0.,0.),(0.,2.0250000022351742),(0.94999998062849045,2.0250000022351742),(0.94999998062849045,0.),(0.89999997802078724,0.),(0.89999997802078724,1.974999999627471),(0.050000002607703209,1.974999999627471),(0.050000002607703209,0.)));
#3355=IFCAXIS2PLACEMENT3D(#3356,#3357,#3358);
#3356=IFCCARTESIANPOINT((-0.025000002235174179,0.05000000074505806,0.));
#3357=IFCDIRECTION((0.,-1.,0.));
#3358=IFCDIRECTION((1.,0.,0.));
#3359=IFCDIRECTION((0.,0.,-1.));
#3360=IFCREPRESENTATIONMAP(#3361,#3365);
#3361=IFCAXIS2PLACEMENT3D(#3362,#3363,#3364);
#3362=IFCCARTESIANPOINT((0.,0.,0.));
#3363=IFCDIRECTION((0.,0.,1.));
#3364=IFCDIRECTION((1.,0.,0.));
#3365=IFCSHAPEREPRESENTATION(#24,'Body','Curve2D',(#3366,#3368,#3370,#3377));
#3366=IFCINDEXEDPOLYCURVE(#3367,(IFCLINEINDEX((1,2,3,4,5,6,1))),$);
#3367=IFCCARTESIANPOINTLIST2D(((0.,0.),(0.,0.05000000074505806),(0.02500000037252903,0.05000000074505806),(0.02500000037252903,0.02500000037252903),(0.05000000074505806,0.02500000037252903),(0.05000000074505806,0.)));
#3368=IFCINDEXEDPOLYCURVE(#3369,(IFCLINEINDEX((1,2,3,4,5,6,1))),$);
#3369=IFCCARTESIANPOINTLIST2D(((0.89999997615814209,0.),(0.89999997615814209,0.05000000074505806),(0.87499997578561306,0.05000000074505806),(0.87499997578561306,0.02500000037252903),(0.84999997541308403,0.02500000037252903),(0.84999997541308403,0.)));
#3370=IFCTRIMMEDCURVE(#3371,(#3375),(#3376),.T.,.CARTESIAN.);
#3371=IFCELLIPSE(#3372,0.81499997526407242,0.84999997541308403);
#3372=IFCAXIS2PLACEMENT2D(#3373,#3374);
#3373=IFCCARTESIANPOINT((0.060000000521540642,0.05000000074505806));
#3374=IFCDIRECTION((1.,0.));
#3375=IFCCARTESIANPOINT((0.87499997578561306,0.05000000074505806));
#3376=IFCCARTESIANPOINT((0.060000000521540642,0.89999997615814209));
#3377=IFCINDEXEDPOLYCURVE(#3378,(IFCLINEINDEX((1,2,3,4,1))),$);
#3378=IFCCARTESIANPOINTLIST2D(((0.02500000037252903,0.05000000074505806),(0.060000000521540642,0.05000000074505806),(0.060000000521540642,0.89999997615814209),(0.02500000037252903,0.89999997615814209)));
#3379=IFCDOOR('0cqeeJlin2ce5G8GeOL7zj',$,'Door',$,$,#6653,#3388,$,2.,0.89999997615814209,$,$,$);
#3380=IFCRELDEFINESBYTYPE('2ODl2ADGj2Qh$06nzjVq39',$,$,$,(#3379),#3271);
#3381=IFCCARTESIANPOINT((0.,0.,0.));
#3382=IFCDIRECTION((1.,0.,0.));
#3383=IFCDIRECTION((0.,1.,0.));
#3384=IFCDIRECTION((0.,0.,1.));
#3385=IFCCARTESIANTRANSFORMATIONOPERATOR3D(#3382,#3383,#3381,1.,#3384);
#3386=IFCMAPPEDITEM(#3274,#3385);
#3387=IFCSHAPEREPRESENTATION(#18,'Profile','MappedRepresentation',(#3386));
#3388=IFCPRODUCTDEFINITIONSHAPE($,$,(#3387,#3395,#3402));
#3389=IFCCARTESIANPOINT((0.,0.,0.));
#3390=IFCDIRECTION((1.,0.,0.));
#3391=IFCDIRECTION((0.,1.,0.));
#3392=IFCDIRECTION((0.,0.,1.));
#3393=IFCCARTESIANTRANSFORMATIONOPERATOR3D(#3390,#3391,#3389,1.,#3392);
#3394=IFCMAPPEDITEM(#3282,#3393);
#3395=IFCSHAPEREPRESENTATION(#11,'Body','MappedRepresentation',(#3394));
#3396=IFCCARTESIANPOINT((0.,0.,0.));
#3397=IFCDIRECTION((1.,0.,0.));
#3398=IFCDIRECTION((0.,1.,0.));
#3399=IFCDIRECTION((0.,0.,1.));
#3400=IFCCARTESIANTRANSFORMATIONOPERATOR3D(#3397,#3398,#3396,1.,#3399);
#3401=IFCMAPPEDITEM(#3360,#3400);
#3402=IFCSHAPEREPRESENTATION(#24,'Body','MappedRepresentation',(#3401));
#3403=IFCOPENINGELEMENT('3wHiVs1G16xevUrBtUrVNn',$,'Opening',$,$,#3514,#3431,$,.OPENING.);
#3409=IFCCARTESIANPOINTLIST2D(((0.,0.),(0.89999997615814209,0.),(0.89999997615814209,2.),(0.,2.)));
#3410=IFCINDEXEDPOLYCURVE(#3409,(IFCLINEINDEX((1,2,3,4,1))),$);
#3411=IFCARBITRARYCLOSEDPROFILEDEF(.AREA.,$,#3410);
#3412=IFCCARTESIANPOINT((0.,-0.60000002384185791,0.));
#3413=IFCDIRECTION((0.,-1.,0.));
#3414=IFCDIRECTION((1.,0.,0.));
#3415=IFCAXIS2PLACEMENT3D(#3412,#3413,#3414);
#3416=IFCDIRECTION((0.,0.,-1.));
#3417=IFCEXTRUDEDAREASOLID(#3411,#3415,#3416,1.2);
#3418=IFCSHAPEREPRESENTATION(#11,'Body','SweptSolid',(#3417));
#3419=IFCCARTESIANPOINT((0.,0.,0.));
#3420=IFCDIRECTION((1.,0.,0.));
#3421=IFCDIRECTION((0.,0.,1.));
#3422=IFCAXIS2PLACEMENT3D(#3419,#3421,#3420);
#3423=IFCREPRESENTATIONMAP(#3422,#3418);
#3424=IFCCARTESIANPOINT((0.,0.,0.));
#3425=IFCDIRECTION((1.,0.,0.));
#3426=IFCDIRECTION((0.,1.,0.));
#3427=IFCDIRECTION((0.,0.,1.));
#3428=IFCCARTESIANTRANSFORMATIONOPERATOR3D(#3425,#3426,#3424,1.,#3427);
#3429=IFCMAPPEDITEM(#3423,#3428);
#3430=IFCSHAPEREPRESENTATION(#11,'Body','MappedRepresentation',(#3429));
#3431=IFCPRODUCTDEFINITIONSHAPE($,$,(#3430));
#3432=IFCRELVOIDSELEMENT('3VmoJCT9bCHuf9ecO$gKl$',$,$,$,#1205,#3403);
#3438=IFCRELFILLSELEMENT('0qWWTC7S15TQvHLW35LkLI',$,$,$,#3403,#3379);
#3510=IFCCARTESIANPOINT((1.591595790147784,0.015000284670961428,0.));
#3511=IFCDIRECTION((0.,0.,1.));
#3512=IFCDIRECTION((0.99999999999997147,-2.384185719961227E-07,0.));
#3513=IFCAXIS2PLACEMENT3D(#3510,#3511,#3512);
#3514=IFCLOCALPLACEMENT(#1216,#3513);
#3520=IFCDOORTYPE('285VLhXJj14wmiyHGzn25h',$,'banyo',$,$,(#3521),(#3523,#3531,#3609),$,$,.DOOR.,.SINGLE_SWING_LEFT.,$,$);
#3521=IFCPROPERTYSET('2OHP8cyov6YxXQ8$iAqdHt',$,'BBIM_Door',$,(#3522));
#3522=IFCPROPERTYSINGLEVALUE('Data',$,IFCTEXT('{"door_type": "DOUBLE_SWING_LEFT", "overall_height": 2.0, "overall_width": 0.5808607339859009, "lining_properties": {"lining_depth": 0.05000000074505806, "lining_thickness": 0.0010000000474974513, "lining_offset": 0.0, "lining_to_panel_offset_x": 0.02500000037252903, "lining_to_panel_offset_y": 0.02500000037252903, "transom_thickness": 0.0, "casing_thickness": 0.09339065849781036, "casing_depth": 0.028583887964487076, "threshold_thickness": 0.02500000037252903, "threshold_depth": 0.06598446518182755, "threshold_offset": 0.0}, "panel_properties": {"panel_depth": 0.03500000014901161, "panel_width_ratio": 1.0}}'),$);
#3523=IFCREPRESENTATIONMAP(#3524,#3773);
#3524=IFCAXIS2PLACEMENT3D(#3525,#3526,#3527);
#3525=IFCCARTESIANPOINT((0.,0.,0.));
#3526=IFCDIRECTION((0.,0.,1.));
#3527=IFCDIRECTION((1.,0.,0.));
#3531=IFCREPRESENTATIONMAP(#3532,#3837);
#3532=IFCAXIS2PLACEMENT3D(#3533,#3534,#3535);
#3533=IFCCARTESIANPOINT((0.,0.,0.));
#3534=IFCDIRECTION((0.,0.,1.));
#3535=IFCDIRECTION((1.,0.,0.));
#3609=IFCREPRESENTATIONMAP(#3610,#3857);
#3610=IFCAXIS2PLACEMENT3D(#3611,#3612,#3613);
#3611=IFCCARTESIANPOINT((0.,0.,0.));
#3612=IFCDIRECTION((0.,0.,1.));
#3613=IFCDIRECTION((1.,0.,0.));
#3628=IFCDOOR('1dY44f7HH6M8XKfFrhcdoP',$,'Door',$,$,#3882,#3637,$,2.,0.58086073398590088,$,.DOUBLE_SWING_LEFT.,$);
#3629=IFCRELDEFINESBYTYPE('3iyhYqarj43uReQoqr10gi',$,$,$,(#3628),#3520);
#3630=IFCCARTESIANPOINT((0.,0.,0.));
#3631=IFCDIRECTION((1.,0.,0.));
#3632=IFCDIRECTION((0.,1.,0.));
#3633=IFCDIRECTION((0.,0.,1.));
#3634=IFCCARTESIANTRANSFORMATIONOPERATOR3D(#3631,#3632,#3630,1.,#3633);
#3635=IFCMAPPEDITEM(#3523,#3634);
#3636=IFCSHAPEREPRESENTATION(#18,'Profile','MappedRepresentation',(#3635));
#3637=IFCPRODUCTDEFINITIONSHAPE($,$,(#3636,#3644,#3651));
#3638=IFCCARTESIANPOINT((0.,0.,0.));
#3639=IFCDIRECTION((1.,0.,0.));
#3640=IFCDIRECTION((0.,1.,0.));
#3641=IFCDIRECTION((0.,0.,1.));
#3642=IFCCARTESIANTRANSFORMATIONOPERATOR3D(#3639,#3640,#3638,1.,#3641);
#3643=IFCMAPPEDITEM(#3531,#3642);
#3644=IFCSHAPEREPRESENTATION(#11,'Body','MappedRepresentation',(#3643));
#3645=IFCCARTESIANPOINT((0.,0.,0.));
#3646=IFCDIRECTION((1.,0.,0.));
#3647=IFCDIRECTION((0.,1.,0.));
#3648=IFCDIRECTION((0.,0.,1.));
#3649=IFCCARTESIANTRANSFORMATIONOPERATOR3D(#3646,#3647,#3645,1.,#3648);
#3650=IFCMAPPEDITEM(#3609,#3649);
#3651=IFCSHAPEREPRESENTATION(#24,'Body','MappedRepresentation',(#3650));
#3652=IFCOPENINGELEMENT('0lFfyGHlz9n81s7HhCiVIY',$,'Opening',$,$,#3877,#3680,$,.OPENING.);
#3668=IFCCARTESIANPOINT((0.,0.,0.));
#3669=IFCDIRECTION((1.,0.,0.));
#3670=IFCDIRECTION((0.,0.,1.));
#3671=IFCAXIS2PLACEMENT3D(#3668,#3670,#3669);
#3672=IFCREPRESENTATIONMAP(#3671,#3867);
#3673=IFCCARTESIANPOINT((0.,0.,0.));
#3674=IFCDIRECTION((1.,0.,0.));
#3675=IFCDIRECTION((0.,1.,0.));
#3676=IFCDIRECTION((0.,0.,1.));
#3677=IFCCARTESIANTRANSFORMATIONOPERATOR3D(#3674,#3675,#3673,1.,#3676);
#3678=IFCMAPPEDITEM(#3672,#3677);
#3679=IFCSHAPEREPRESENTATION(#11,'Body','MappedRepresentation',(#3678));
#3680=IFCPRODUCTDEFINITIONSHAPE($,$,(#3679));
#3681=IFCRELVOIDSELEMENT('27cKn9vwz0CvgdhRpIYZzr',$,$,$,#2111,#3652);
#3687=IFCRELFILLSELEMENT('2YUO44Yjb4D9FL_gakQlCU',$,$,$,#3652,#3628);
#3771=IFCCARTESIANPOINTLIST3D(((0.,0.,0.),(0.58086073398590088,0.,0.),(0.58086073398590088,0.,2.),(0.,0.,2.)));
#3772=IFCINDEXEDPOLYCURVE(#3771,(IFCLINEINDEX((1,2,3,4,1))),$);
#3773=IFCSHAPEREPRESENTATION(#18,'Profile','Curve3D',(#3772));
#3774=IFCCARTESIANPOINTLIST2D(((0.,0.),(0.,2.),(0.58086073398590088,2.),(0.58086073398590088,0.),(0.57986073393840343,0.),(0.57986073393840343,1.9989999999525025),(0.0010000000474974513,1.9989999999525025),(0.0010000000474974513,0.)));
#3775=IFCINDEXEDPOLYCURVE(#3774,(IFCLINEINDEX((1,2,3,4,5,6,7,8,1))),$);
#3776=IFCARBITRARYCLOSEDPROFILEDEF(.AREA.,$,#3775);
#3777=IFCCARTESIANPOINT((0.,0.,0.));
#3778=IFCDIRECTION((0.,-1.,0.));
#3779=IFCDIRECTION((1.,0.,0.));
#3780=IFCAXIS2PLACEMENT3D(#3777,#3778,#3779);
#3781=IFCDIRECTION((0.,0.,-1.));
#3782=IFCEXTRUDEDAREASOLID(#3776,#3780,#3781,0.05000000074505806);
#3783=IFCCARTESIANPOINTLIST2D(((0.,0.),(0.57886073389090598,0.),(0.57886073389090598,0.065984465181827545),(0.,0.065984465181827545)));
#3784=IFCINDEXEDPOLYCURVE(#3783,(IFCLINEINDEX((1,2,3,4,1))),$);
#3785=IFCARBITRARYCLOSEDPROFILEDEF(.AREA.,$,#3784);
#3786=IFCCARTESIANPOINT((0.0010000000474974513,0.,0.));
#3787=IFCDIRECTION((0.,0.,1.));
#3788=IFCDIRECTION((1.,0.,0.));
#3789=IFCAXIS2PLACEMENT3D(#3786,#3787,#3788);
#3790=IFCDIRECTION((0.,0.,1.));
#3791=IFCEXTRUDEDAREASOLID(#3785,#3789,#3790,0.02500000037252903);
#3792=IFCCARTESIANPOINTLIST2D(((0.,0.),(0.,2.0923906584503129),(0.7656420508865267,2.0923906584503129),(0.7656420508865267,0.),(0.67225139238871634,0.),(0.67225139238871634,1.9989999999525025),(0.093390658497810364,1.9989999999525025),(0.093390658497810364,0.)));
#3793=IFCINDEXEDPOLYCURVE(#3792,(IFCLINEINDEX((1,2,3,4,5,6,7,8,1))),$);
#3794=IFCARBITRARYCLOSEDPROFILEDEF(.AREA.,$,#3793);
#3795=IFCCARTESIANPOINT((-0.092390658450312912,-0.028583887964487076,0.));
#3796=IFCDIRECTION((0.,-1.,0.));
#3797=IFCDIRECTION((1.,0.,0.));
#3798=IFCAXIS2PLACEMENT3D(#3795,#3796,#3797);
#3799=IFCDIRECTION((0.,0.,-1.));
#3800=IFCEXTRUDEDAREASOLID(#3794,#3798,#3799,0.028583887964487076);
#3801=IFCCARTESIANPOINTLIST2D(((0.,0.),(0.,2.0923906584503129),(0.7656420508865267,2.0923906584503129),(0.7656420508865267,0.),(0.67225139238871634,0.),(0.67225139238871634,1.9989999999525025),(0.093390658497810364,1.9989999999525025),(0.093390658497810364,0.)));
#3802=IFCINDEXEDPOLYCURVE(#3801,(IFCLINEINDEX((1,2,3,4,5,6,7,8,1))),$);
#3803=IFCARBITRARYCLOSEDPROFILEDEF(.AREA.,$,#3802);
#3804=IFCCARTESIANPOINT((-0.092390658450312912,0.05000000074505806,0.));
#3805=IFCDIRECTION((0.,-1.,0.));
#3806=IFCDIRECTION((1.,0.,0.));
#3807=IFCAXIS2PLACEMENT3D(#3804,#3805,#3806);
#3808=IFCDIRECTION((0.,0.,-1.));
#3809=IFCEXTRUDEDAREASOLID(#3803,#3807,#3808,0.028583887964487076);
#3810=IFCCARTESIANPOINTLIST2D(((0.,0.),(0.53086073324084282,0.),(0.53086073324084282,0.035000000149011612),(0.,0.035000000149011612)));
#3811=IFCINDEXEDPOLYCURVE(#3810,(IFCLINEINDEX((1,2,3,4,1))),$);
#3812=IFCARBITRARYCLOSEDPROFILEDEF(.AREA.,$,#3811);
#3813=IFCCARTESIANPOINT((0.02500000037252903,0.02500000037252903,0.02500000037252903));
#3814=IFCDIRECTION((0.,0.,1.));
#3815=IFCDIRECTION((1.,0.,0.));
#3816=IFCAXIS2PLACEMENT3D(#3813,#3814,#3815);
#3817=IFCDIRECTION((0.,0.,1.));
#3818=IFCEXTRUDEDAREASOLID(#3812,#3816,#3817,1.9499999992549419);
#3819=IFCCARTESIANPOINTLIST2D(((0.,0.),(0.,-0.040000000000000001),(-0.11999999999999994,-0.040000000000000001),(-0.11999999999999994,-0.02),(-0.019999999999999962,-0.02),(-0.019999999999999962,0.)));
#3820=IFCINDEXEDPOLYCURVE(#3819,(IFCLINEINDEX((1,2,3,4,5,6,1))),$);
#3821=IFCARBITRARYCLOSEDPROFILEDEF(.AREA.,$,#3820);
#3822=IFCCARTESIANPOINT((0.5058607336133718,0.02500000037252903,1.015000000372529));
#3823=IFCDIRECTION((0.,0.,1.));
#3824=IFCDIRECTION((1.,0.,0.));
#3825=IFCAXIS2PLACEMENT3D(#3822,#3823,#3824);
#3826=IFCDIRECTION((0.,0.,1.));
#3827=IFCEXTRUDEDAREASOLID(#3821,#3825,#3826,0.02);
#3828=IFCEXTRUDEDAREASOLID(#3829,#3832,#3836,0.02);
#3829=IFCARBITRARYCLOSEDPROFILEDEF(.AREA.,$,#3830);
#3830=IFCINDEXEDPOLYCURVE(#3831,(IFCLINEINDEX((1,2,3,4,5,6,1))),$);
#3831=IFCCARTESIANPOINTLIST2D(((0.,0.),(0.,0.040000000000000008),(-0.11999999999999994,0.040000000000000008),(-0.11999999999999994,0.020000000000000004),(-0.019999999999999962,0.020000000000000004),(-0.019999999999999962,0.)));
#3832=IFCAXIS2PLACEMENT3D(#3833,#3834,#3835);
#3833=IFCCARTESIANPOINT((0.5058607336133718,0.060000000521540642,1.015000000372529));
#3834=IFCDIRECTION((0.,0.,1.));
#3835=IFCDIRECTION((1.,0.,0.));
#3836=IFCDIRECTION((0.,0.,1.));
#3837=IFCSHAPEREPRESENTATION(#11,'Body','SweptSolid',(#3782,#3818,#3827,#3828,#3791,#3800,#3809));
#3838=IFCSHAPEREPRESENTATION(#11,'Body','SweptSolid',(#3782,#3791,#3800,#3809));
#3839=IFCSHAPEASPECT((#3838),'Lining',$,.T.,#3637);
#3840=IFCSHAPEREPRESENTATION(#11,'Body','SweptSolid',(#3818,#3827,#3828));
#3841=IFCSHAPEASPECT((#3840),'Framing',$,.T.,#3637);
#3842=IFCCARTESIANPOINTLIST2D(((0.,0.),(0.0010000000474974513,0.),(0.0010000000474974513,0.05000000074505806),(0.,0.05000000074505806)));
#3843=IFCINDEXEDPOLYCURVE(#3842,(IFCLINEINDEX((1,2,3,4,1))),$);
#3844=IFCINDEXEDPOLYCURVE(#3845,(IFCLINEINDEX((1,2,3,4,1))),$);
#3845=IFCCARTESIANPOINTLIST2D(((0.58086073398590088,0.),(0.57986073393840343,0.),(0.57986073393840343,0.05000000074505806),(0.58086073398590088,0.05000000074505806)));
#3846=IFCCARTESIANPOINTLIST2D(((0.02500000037252903,0.05000000074505806),(0.02500000037252903,-0.48086073249578476),(0.060000000521540642,-0.48086073249578476)));
#3847=IFCINDEXEDPOLYCURVE(#3846,$,$);
#3848=IFCDIRECTION((1.,0.));
#3849=IFCCARTESIANPOINT((0.060000000521540642,0.05000000074505806));
#3850=IFCAXIS2PLACEMENT2D(#3849,#3848);
#3851=IFCELLIPSE(#3850,0.49586073309183121,0.53086073324084282);
#3852=IFCCARTESIANPOINT((0.060000000521540642,-0.48086073249578476));
#3853=IFCCARTESIANPOINT((0.060000000521540642,0.58086073398590088));
#3854=IFCTRIMMEDCURVE(#3851,(#3852),(#3853),.T.,.CARTESIAN.);
#3855=IFCCARTESIANPOINTLIST2D(((0.02500000037252903,0.05000000074505806),(0.060000000521540642,0.05000000074505806),(0.060000000521540642,0.58086073398590088),(0.02500000037252903,0.58086073398590088)));
#3856=IFCINDEXEDPOLYCURVE(#3855,(IFCLINEINDEX((1,2,3,4,1))),$);
#3857=IFCSHAPEREPRESENTATION(#24,'Body','Curve2D',(#3843,#3844,#3847,#3854,#3856));
#3858=IFCCARTESIANPOINTLIST2D(((0.,0.),(0.58086073398590088,0.),(0.58086073398590088,2.),(0.,2.)));
#3859=IFCINDEXEDPOLYCURVE(#3858,(IFCLINEINDEX((1,2,3,4,1))),$);
#3860=IFCARBITRARYCLOSEDPROFILEDEF(.AREA.,$,#3859);
#3861=IFCCARTESIANPOINT((0.,-0.60000002384185791,0.));
#3862=IFCDIRECTION((0.,-1.,0.));
#3863=IFCDIRECTION((1.,0.,0.));
#3864=IFCAXIS2PLACEMENT3D(#3861,#3862,#3863);
#3865=IFCDIRECTION((0.,0.,-1.));
#3866=IFCEXTRUDEDAREASOLID(#3860,#3864,#3865,1.2);
#3867=IFCSHAPEREPRESENTATION(#11,'Body','SweptSolid',(#3866));
#3873=IFCCARTESIANPOINT((0.1606554985046591,-8.7928509806545208E-08,0.));
#3874=IFCDIRECTION((0.,0.,1.));
#3875=IFCDIRECTION((0.99999999999999289,-1.1920928955077312E-07,0.));
#3876=IFCAXIS2PLACEMENT3D(#3873,#3874,#3875);
#3877=IFCLOCALPLACEMENT(#2179,#3876);
#3878=IFCCARTESIANPOINT((-4.4408920985006262E-16,0.,0.));
#3879=IFCDIRECTION((0.,0.,1.));
#3880=IFCDIRECTION((1.,0.,0.));
#3881=IFCAXIS2PLACEMENT3D(#3878,#3879,#3880);
#3882=IFCLOCALPLACEMENT(#3877,#3881);
#3883=IFCDOORTYPE('0emXF3q1j2LB_OVDSJEAY9',$,'maidGFroom',$,$,(#3884),(#3886,#3894,#3963,#4244),$,$,.DOOR.,.SINGLE_SWING_LEFT.,$,$);
#3884=IFCPROPERTYSET('3GSkN3FsvCwxs115L3qySd',$,'BBIM_Door',$,(#3885));
#3885=IFCPROPERTYSINGLEVALUE('Data',$,IFCTEXT('{"door_type": "SLIDING_TO_LEFT", "overall_height": 2.0, "overall_width": 0.5808607339859009, "lining_properties": {"lining_depth": 0.05000000074505806, "lining_thickness": 0.0010000000474974513, "lining_offset": 0.0, "transom_thickness": 0.0, "casing_thickness": 0.09339065849781036, "casing_depth": 0.028583887964487076, "threshold_thickness": 0.02500000037252903, "threshold_depth": 0.06598446518182755, "threshold_offset": 0.0}, "panel_properties": {"panel_depth": 0.03500000014901161, "panel_width_ratio": 1.0}}'),$);
#3886=IFCREPRESENTATIONMAP(#3887,#4487);
#3887=IFCAXIS2PLACEMENT3D(#3888,#3889,#3890);
#3888=IFCCARTESIANPOINT((0.,0.,0.));
#3889=IFCDIRECTION((0.,0.,1.));
#3890=IFCDIRECTION((1.,0.,0.));
#3894=IFCREPRESENTATIONMAP(#3895,#4551);
#3895=IFCAXIS2PLACEMENT3D(#3896,#3897,#3898);
#3896=IFCCARTESIANPOINT((0.,0.,0.));
#3897=IFCDIRECTION((0.,0.,1.));
#3898=IFCDIRECTION((1.,0.,0.));
#3963=IFCREPRESENTATIONMAP(#3964,#4558);
#3964=IFCAXIS2PLACEMENT3D(#3965,#3966,#3967);
#3965=IFCCARTESIANPOINT((0.,0.,0.));
#3966=IFCDIRECTION((0.,0.,1.));
#3967=IFCDIRECTION((1.,0.,0.));
#3984=IFCDOOR('2hjpgCcJX90fzTOWx488IB',$,'Door',$,$,#4588,#3993,$,2.,0.58086073398590088,$,.SLIDING_TO_LEFT.,$);
#3985=IFCRELDEFINESBYTYPE('03PZtPvyP7qBJ9tkZyh01F',$,$,$,(#3984),#3883);
#3986=IFCCARTESIANPOINT((0.,0.,0.));
#3987=IFCDIRECTION((1.,0.,0.));
#3988=IFCDIRECTION((0.,1.,0.));
#3989=IFCDIRECTION((0.,0.,1.));
#3990=IFCCARTESIANTRANSFORMATIONOPERATOR3D(#3987,#3988,#3986,1.,#3989);
#3991=IFCMAPPEDITEM(#3886,#3990);
#3992=IFCSHAPEREPRESENTATION(#18,'Profile','MappedRepresentation',(#3991));
#3993=IFCPRODUCTDEFINITIONSHAPE($,$,(#3992,#4000,#4007,#4251));
#3994=IFCCARTESIANPOINT((0.,0.,0.));
#3995=IFCDIRECTION((1.,0.,0.));
#3996=IFCDIRECTION((0.,1.,0.));
#3997=IFCDIRECTION((0.,0.,1.));
#3998=IFCCARTESIANTRANSFORMATIONOPERATOR3D(#3995,#3996,#3994,1.,#3997);
#3999=IFCMAPPEDITEM(#3894,#3998);
#4000=IFCSHAPEREPRESENTATION(#11,'Body','MappedRepresentation',(#3999));
#4001=IFCCARTESIANPOINT((0.,0.,0.));
#4002=IFCDIRECTION((1.,0.,0.));
#4003=IFCDIRECTION((0.,1.,0.));
#4004=IFCDIRECTION((0.,0.,1.));
#4005=IFCCARTESIANTRANSFORMATIONOPERATOR3D(#4002,#4003,#4001,1.,#4004);
#4006=IFCMAPPEDITEM(#3963,#4005);
#4007=IFCSHAPEREPRESENTATION(#24,'Body','MappedRepresentation',(#4006));
#4008=IFCOPENINGELEMENT('2MtwJP80rCkfKs3gyn$qYR',$,'Opening',$,$,#4583,#4036,$,.OPENING.);
#4024=IFCCARTESIANPOINT((0.,0.,0.));
#4025=IFCDIRECTION((1.,0.,0.));
#4026=IFCDIRECTION((0.,0.,1.));
#4027=IFCAXIS2PLACEMENT3D(#4024,#4026,#4025);
#4028=IFCREPRESENTATIONMAP(#4027,#4573);
#4029=IFCCARTESIANPOINT((0.,0.,0.));
#4030=IFCDIRECTION((1.,0.,0.));
#4031=IFCDIRECTION((0.,1.,0.));
#4032=IFCDIRECTION((0.,0.,1.));
#4033=IFCCARTESIANTRANSFORMATIONOPERATOR3D(#4030,#4031,#4029,1.,#4032);
#4034=IFCMAPPEDITEM(#4028,#4033);
#4035=IFCSHAPEREPRESENTATION(#11,'Body','MappedRepresentation',(#4034));
#4036=IFCPRODUCTDEFINITIONSHAPE($,$,(#4035));
#4037=IFCRELVOIDSELEMENT('3f9kz9NHX97OW2wUA3iL1d',$,$,$,#2447,#4008);
#4043=IFCRELFILLSELEMENT('31c6AIWIX2NO$1ryc7fc0e',$,$,$,#4008,#3984);
#4052=IFCCARTESIANPOINTLIST2D(((0.,0.),(0.,2.),(0.58086073398590088,2.),(0.58086073398590088,0.),(0.57986073393840343,0.),(0.57986073393840343,1.9989999999525025),(0.0010000000474974513,1.9989999999525025),(0.0010000000474974513,0.)));
#4053=IFCINDEXEDPOLYCURVE(#4052,(IFCLINEINDEX((1,2,3,4,5,6,7,8,1))),$);
#4054=IFCARBITRARYCLOSEDPROFILEDEF(.AREA.,$,#4053);
#4055=IFCCARTESIANPOINT((0.,0.,0.));
#4056=IFCDIRECTION((0.,-1.,0.));
#4057=IFCDIRECTION((1.,0.,0.));
#4058=IFCAXIS2PLACEMENT3D(#4055,#4056,#4057);
#4059=IFCDIRECTION((0.,0.,-1.));
#4060=IFCEXTRUDEDAREASOLID(#4054,#4058,#4059,0.05000000074505806);
#4061=IFCCARTESIANPOINTLIST2D(((0.,0.),(0.57886073389090598,0.),(0.57886073389090598,0.065984465181827545),(0.,0.065984465181827545)));
#4062=IFCINDEXEDPOLYCURVE(#4061,(IFCLINEINDEX((1,2,3,4,1))),$);
#4063=IFCARBITRARYCLOSEDPROFILEDEF(.AREA.,$,#4062);
#4064=IFCCARTESIANPOINT((0.0010000000474974513,0.,0.));
#4065=IFCDIRECTION((0.,0.,1.));
#4066=IFCDIRECTION((1.,0.,0.));
#4067=IFCAXIS2PLACEMENT3D(#4064,#4065,#4066);
#4068=IFCDIRECTION((0.,0.,1.));
#4069=IFCEXTRUDEDAREASOLID(#4063,#4067,#4068,0.02500000037252903);
#4070=IFCCARTESIANPOINTLIST2D(((0.,0.),(0.,2.0923906584503129),(0.7656420508865267,2.0923906584503129),(0.7656420508865267,0.),(0.67225139238871634,0.),(0.67225139238871634,1.9989999999525025),(0.093390658497810364,1.9989999999525025),(0.093390658497810364,0.)));
#4071=IFCINDEXEDPOLYCURVE(#4070,(IFCLINEINDEX((1,2,3,4,5,6,7,8,1))),$);
#4072=IFCARBITRARYCLOSEDPROFILEDEF(.AREA.,$,#4071);
#4073=IFCCARTESIANPOINT((-0.092390658450312912,-0.028583887964487076,0.));
#4074=IFCDIRECTION((0.,-1.,0.));
#4075=IFCDIRECTION((1.,0.,0.));
#4076=IFCAXIS2PLACEMENT3D(#4073,#4074,#4075);
#4077=IFCDIRECTION((0.,0.,-1.));
#4078=IFCEXTRUDEDAREASOLID(#4072,#4076,#4077,0.028583887964487076);
#4079=IFCCARTESIANPOINTLIST2D(((0.,0.),(0.,2.0923906584503129),(0.7656420508865267,2.0923906584503129),(0.7656420508865267,0.),(0.67225139238871634,0.),(0.67225139238871634,1.9989999999525025),(0.093390658497810364,1.9989999999525025),(0.093390658497810364,0.)));
#4080=IFCINDEXEDPOLYCURVE(#4079,(IFCLINEINDEX((1,2,3,4,5,6,7,8,1))),$);
#4081=IFCARBITRARYCLOSEDPROFILEDEF(.AREA.,$,#4080);
#4082=IFCCARTESIANPOINT((-0.092390658450312912,0.05000000074505806,0.));
#4083=IFCDIRECTION((0.,-1.,0.));
#4084=IFCDIRECTION((1.,0.,0.));
#4085=IFCAXIS2PLACEMENT3D(#4082,#4083,#4084);
#4086=IFCDIRECTION((0.,0.,-1.));
#4087=IFCEXTRUDEDAREASOLID(#4081,#4085,#4086,0.028583887964487076);
#4088=IFCCARTESIANPOINTLIST2D(((0.,0.),(0.53086073324084282,0.),(0.53086073324084282,0.035000000149011612),(0.,0.035000000149011612)));
#4089=IFCINDEXEDPOLYCURVE(#4088,(IFCLINEINDEX((1,2,3,4,1))),$);
#4090=IFCARBITRARYCLOSEDPROFILEDEF(.AREA.,$,#4089);
#4091=IFCCARTESIANPOINT((0.02500000037252903,0.02500000037252903,0.02500000037252903));
#4092=IFCDIRECTION((0.,0.,1.));
#4093=IFCDIRECTION((1.,0.,0.));
#4094=IFCAXIS2PLACEMENT3D(#4091,#4092,#4093);
#4095=IFCDIRECTION((0.,0.,1.));
#4096=IFCEXTRUDEDAREASOLID(#4090,#4094,#4095,1.9499999992549419);
#4097=IFCCARTESIANPOINTLIST2D(((0.,0.),(0.,-0.040000000000000001),(-0.11999999999999994,-0.040000000000000001),(-0.11999999999999994,-0.02),(-0.019999999999999962,-0.02),(-0.019999999999999962,0.)));
#4098=IFCINDEXEDPOLYCURVE(#4097,(IFCLINEINDEX((1,2,3,4,5,6,1))),$);
#4099=IFCARBITRARYCLOSEDPROFILEDEF(.AREA.,$,#4098);
#4100=IFCCARTESIANPOINT((0.5058607336133718,0.02500000037252903,1.015000000372529));
#4101=IFCDIRECTION((0.,0.,1.));
#4102=IFCDIRECTION((1.,0.,0.));
#4103=IFCAXIS2PLACEMENT3D(#4100,#4101,#4102);
#4104=IFCDIRECTION((0.,0.,1.));
#4105=IFCEXTRUDEDAREASOLID(#4099,#4103,#4104,0.02);
#4106=IFCEXTRUDEDAREASOLID(#4107,#4110,#4114,0.02);
#4107=IFCARBITRARYCLOSEDPROFILEDEF(.AREA.,$,#4108);
#4108=IFCINDEXEDPOLYCURVE(#4109,(IFCLINEINDEX((1,2,3,4,5,6,1))),$);
#4109=IFCCARTESIANPOINTLIST2D(((0.,0.),(0.,0.040000000000000008),(-0.11999999999999994,0.040000000000000008),(-0.11999999999999994,0.020000000000000004),(-0.019999999999999962,0.020000000000000004),(-0.019999999999999962,0.)));
#4110=IFCAXIS2PLACEMENT3D(#4111,#4112,#4113);
#4111=IFCCARTESIANPOINT((0.5058607336133718,0.060000000521540642,1.015000000372529));
#4112=IFCDIRECTION((0.,0.,1.));
#4113=IFCDIRECTION((1.,0.,0.));
#4114=IFCDIRECTION((0.,0.,1.));
#4116=IFCSHAPEREPRESENTATION(#11,'Body','SweptSolid',(#4496,#4190,#4060,#4181,#4419,#4410,#4401,#4315,#4172,#4392,#4523,#4306,#4087,#4514,#4297,#4078,#4505,#4288,#4199,#4069));
#4117=IFCSHAPEASPECT((#4116),'Lining',$,.T.,#3993);
#4118=IFCSHAPEREPRESENTATION(#11,'Body','SweptSolid',(#4333,#4542,#4217,#4437,#4218,#4532,#4428,#4324,#4334,#4438,#4208,#4105,#4106,#4541,#4096));
#4119=IFCSHAPEASPECT((#4118),'Framing',$,.T.,#3993);
#4164=IFCCARTESIANPOINTLIST2D(((0.,0.),(0.,2.),(0.58086073398590088,2.),(0.58086073398590088,0.),(0.57986073393840343,0.),(0.57986073393840343,1.9989999999525025),(0.0010000000474974513,1.9989999999525025),(0.0010000000474974513,0.)));
#4165=IFCINDEXEDPOLYCURVE(#4164,(IFCLINEINDEX((1,2,3,4,5,6,7,8,1))),$);
#4166=IFCARBITRARYCLOSEDPROFILEDEF(.AREA.,$,#4165);
#4167=IFCCARTESIANPOINT((0.,0.,0.));
#4168=IFCDIRECTION((0.,-1.,0.));
#4169=IFCDIRECTION((1.,0.,0.));
#4170=IFCAXIS2PLACEMENT3D(#4167,#4168,#4169);
#4171=IFCDIRECTION((0.,0.,-1.));
#4172=IFCEXTRUDEDAREASOLID(#4166,#4170,#4171,0.05000000074505806);
#4173=IFCCARTESIANPOINTLIST2D(((0.,0.),(0.57886073389090598,0.),(0.57886073389090598,0.065984465181827545),(0.,0.065984465181827545)));
#4174=IFCINDEXEDPOLYCURVE(#4173,(IFCLINEINDEX((1,2,3,4,1))),$);
#4175=IFCARBITRARYCLOSEDPROFILEDEF(.AREA.,$,#4174);
#4176=IFCCARTESIANPOINT((0.0010000000474974513,0.,0.));
#4177=IFCDIRECTION((0.,0.,1.));
#4178=IFCDIRECTION((1.,0.,0.));
#4179=IFCAXIS2PLACEMENT3D(#4176,#4177,#4178);
#4180=IFCDIRECTION((0.,0.,1.));
#4181=IFCEXTRUDEDAREASOLID(#4175,#4179,#4180,0.02500000037252903);
#4182=IFCCARTESIANPOINTLIST2D(((0.,0.),(0.,2.0923906584503129),(0.7656420508865267,2.0923906584503129),(0.7656420508865267,0.),(0.67225139238871634,0.),(0.67225139238871634,1.9989999999525025),(0.093390658497810364,1.9989999999525025),(0.093390658497810364,0.)));
#4183=IFCINDEXEDPOLYCURVE(#4182,(IFCLINEINDEX((1,2,3,4,5,6,7,8,1))),$);
#4184=IFCARBITRARYCLOSEDPROFILEDEF(.AREA.,$,#4183);
#4185=IFCCARTESIANPOINT((-0.092390658450312912,-0.028583887964487076,0.));
#4186=IFCDIRECTION((0.,-1.,0.));
#4187=IFCDIRECTION((1.,0.,0.));
#4188=IFCAXIS2PLACEMENT3D(#4185,#4186,#4187);
#4189=IFCDIRECTION((0.,0.,-1.));
#4190=IFCEXTRUDEDAREASOLID(#4184,#4188,#4189,0.028583887964487076);
#4191=IFCCARTESIANPOINTLIST2D(((0.,0.),(0.,2.0923906584503129),(0.7656420508865267,2.0923906584503129),(0.7656420508865267,0.),(0.67225139238871634,0.),(0.67225139238871634,1.9989999999525025),(0.093390658497810364,1.9989999999525025),(0.093390658497810364,0.)));
#4192=IFCINDEXEDPOLYCURVE(#4191,(IFCLINEINDEX((1,2,3,4,5,6,7,8,1))),$);
#4193=IFCARBITRARYCLOSEDPROFILEDEF(.AREA.,$,#4192);
#4194=IFCCARTESIANPOINT((-0.092390658450312912,0.05000000074505806,0.));
#4195=IFCDIRECTION((0.,-1.,0.));
#4196=IFCDIRECTION((1.,0.,0.));
#4197=IFCAXIS2PLACEMENT3D(#4194,#4195,#4196);
#4198=IFCDIRECTION((0.,0.,-1.));
#4199=IFCEXTRUDEDAREASOLID(#4193,#4197,#4198,0.028583887964487076);
#4200=IFCCARTESIANPOINTLIST2D(((0.,0.),(0.57886073389090598,0.),(0.57886073389090598,0.035000000149011612),(0.,0.035000000149011612)));
#4201=IFCINDEXEDPOLYCURVE(#4200,(IFCLINEINDEX((1,2,3,4,1))),$);
#4202=IFCARBITRARYCLOSEDPROFILEDEF(.AREA.,$,#4201);
#4203=IFCCARTESIANPOINT((0.0010000000474974513,-0.035000000149011612,0.02500000037252903));
#4204=IFCDIRECTION((0.,0.,1.));
#4205=IFCDIRECTION((1.,0.,0.));
#4206=IFCAXIS2PLACEMENT3D(#4203,#4204,#4205);
#4207=IFCDIRECTION((0.,0.,1.));
#4208=IFCEXTRUDEDAREASOLID(#4202,#4206,#4207,1.9739999995799735);
#4209=IFCCARTESIANPOINTLIST2D(((0.,0.),(0.,-0.040000000000000008),(-0.11999999999999994,-0.040000000000000008),(-0.11999999999999994,-0.020000000000000004),(-0.020000000000000018,-0.020000000000000004),(-0.020000000000000018,0.)));
#4210=IFCINDEXEDPOLYCURVE(#4209,(IFCLINEINDEX((1,2,3,4,5,6,1))),$);
#4211=IFCARBITRARYCLOSEDPROFILEDEF(.AREA.,$,#4210);
#4212=IFCCARTESIANPOINT((0.52986073393840338,-0.035000000149011612,1.015000000372529));
#4213=IFCDIRECTION((0.,0.,1.));
#4214=IFCDIRECTION((1.,0.,0.));
#4215=IFCAXIS2PLACEMENT3D(#4212,#4213,#4214);
#4216=IFCDIRECTION((0.,0.,1.));
#4217=IFCEXTRUDEDAREASOLID(#4211,#4215,#4216,0.02);
#4218=IFCEXTRUDEDAREASOLID(#4219,#4222,#4226,0.02);
#4219=IFCARBITRARYCLOSEDPROFILEDEF(.AREA.,$,#4220);
#4220=IFCINDEXEDPOLYCURVE(#4221,(IFCLINEINDEX((1,2,3,4,5,6,1))),$);
#4221=IFCCARTESIANPOINTLIST2D(((0.,0.),(0.,0.040000000000000008),(-0.11999999999999994,0.040000000000000008),(-0.11999999999999994,0.020000000000000004),(-0.020000000000000018,0.020000000000000004),(-0.020000000000000018,0.)));
#4222=IFCAXIS2PLACEMENT3D(#4223,#4224,#4225);
#4223=IFCCARTESIANPOINT((0.52986073393840338,0.,1.015000000372529));
#4224=IFCDIRECTION((0.,0.,1.));
#4225=IFCDIRECTION((1.,0.,0.));
#4226=IFCDIRECTION((0.,0.,1.));
#4240=IFCCARTESIANPOINT((0.,0.,0.));
#4241=IFCDIRECTION((1.,0.,0.));
#4242=IFCDIRECTION((0.,0.,1.));
#4243=IFCAXIS2PLACEMENT3D(#4240,#4242,#4241);
#4244=IFCREPRESENTATIONMAP(#4243,#4563);
#4245=IFCCARTESIANPOINT((0.,0.,0.));
#4246=IFCDIRECTION((1.,0.,0.));
#4247=IFCDIRECTION((0.,1.,0.));
#4248=IFCDIRECTION((0.,0.,1.));
#4249=IFCCARTESIANTRANSFORMATIONOPERATOR3D(#4246,#4247,#4245,1.,#4248);
#4250=IFCMAPPEDITEM(#4244,#4249);
#4251=IFCSHAPEREPRESENTATION(#25,'Annotation','MappedRepresentation',(#4250));
#4280=IFCCARTESIANPOINTLIST2D(((0.,0.),(0.,2.),(0.58086073398590088,2.),(0.58086073398590088,0.),(0.57986073393840343,0.),(0.57986073393840343,1.9989999999525025),(0.0010000000474974513,1.9989999999525025),(0.0010000000474974513,0.)));
#4281=IFCINDEXEDPOLYCURVE(#4280,(IFCLINEINDEX((1,2,3,4,5,6,7,8,1))),$);
#4282=IFCARBITRARYCLOSEDPROFILEDEF(.AREA.,$,#4281);
#4283=IFCCARTESIANPOINT((0.,0.,0.));
#4284=IFCDIRECTION((0.,-1.,0.));
#4285=IFCDIRECTION((1.,0.,0.));
#4286=IFCAXIS2PLACEMENT3D(#4283,#4284,#4285);
#4287=IFCDIRECTION((0.,0.,-1.));
#4288=IFCEXTRUDEDAREASOLID(#4282,#4286,#4287,0.05000000074505806);
#4289=IFCCARTESIANPOINTLIST2D(((0.,0.),(0.57886073389090598,0.),(0.57886073389090598,0.065984465181827545),(0.,0.065984465181827545)));
#4290=IFCINDEXEDPOLYCURVE(#4289,(IFCLINEINDEX((1,2,3,4,1))),$);
#4291=IFCARBITRARYCLOSEDPROFILEDEF(.AREA.,$,#4290);
#4292=IFCCARTESIANPOINT((0.0010000000474974513,0.,0.));
#4293=IFCDIRECTION((0.,0.,1.));
#4294=IFCDIRECTION((1.,0.,0.));
#4295=IFCAXIS2PLACEMENT3D(#4292,#4293,#4294);
#4296=IFCDIRECTION((0.,0.,1.));
#4297=IFCEXTRUDEDAREASOLID(#4291,#4295,#4296,0.02500000037252903);
#4298=IFCCARTESIANPOINTLIST2D(((0.,0.),(0.,2.0923906584503129),(0.7656420508865267,2.0923906584503129),(0.7656420508865267,0.),(0.67225139238871634,0.),(0.67225139238871634,1.9989999999525025),(0.093390658497810364,1.9989999999525025),(0.093390658497810364,0.)));
#4299=IFCINDEXEDPOLYCURVE(#4298,(IFCLINEINDEX((1,2,3,4,5,6,7,8,1))),$);
#4300=IFCARBITRARYCLOSEDPROFILEDEF(.AREA.,$,#4299);
#4301=IFCCARTESIANPOINT((-0.092390658450312912,-0.028583887964487076,0.));
#4302=IFCDIRECTION((0.,-1.,0.));
#4303=IFCDIRECTION((1.,0.,0.));
#4304=IFCAXIS2PLACEMENT3D(#4301,#4302,#4303);
#4305=IFCDIRECTION((0.,0.,-1.));
#4306=IFCEXTRUDEDAREASOLID(#4300,#4304,#4305,0.028583887964487076);
#4307=IFCCARTESIANPOINTLIST2D(((0.,0.),(0.,2.0923906584503129),(0.7656420508865267,2.0923906584503129),(0.7656420508865267,0.),(0.67225139238871634,0.),(0.67225139238871634,1.9989999999525025),(0.093390658497810364,1.9989999999525025),(0.093390658497810364,0.)));
#4308=IFCINDEXEDPOLYCURVE(#4307,(IFCLINEINDEX((1,2,3,4,5,6,7,8,1))),$);
#4309=IFCARBITRARYCLOSEDPROFILEDEF(.AREA.,$,#4308);
#4310=IFCCARTESIANPOINT((-0.092390658450312912,0.05000000074505806,0.));
#4311=IFCDIRECTION((0.,-1.,0.));
#4312=IFCDIRECTION((1.,0.,0.));
#4313=IFCAXIS2PLACEMENT3D(#4310,#4311,#4312);
#4314=IFCDIRECTION((0.,0.,-1.));
#4315=IFCEXTRUDEDAREASOLID(#4309,#4313,#4314,0.028583887964487076);
#4316=IFCCARTESIANPOINTLIST2D(((0.,0.),(0.57886073389090598,0.),(0.57886073389090598,0.035000000149011612),(0.,0.035000000149011612)));
#4317=IFCINDEXEDPOLYCURVE(#4316,(IFCLINEINDEX((1,2,3,4,1))),$);
#4318=IFCARBITRARYCLOSEDPROFILEDEF(.AREA.,$,#4317);
#4319=IFCCARTESIANPOINT((0.0010000000474974513,-0.035000000149011612,0.02500000037252903));
#4320=IFCDIRECTION((0.,0.,1.));
#4321=IFCDIRECTION((1.,0.,0.));
#4322=IFCAXIS2PLACEMENT3D(#4319,#4320,#4321);
#4323=IFCDIRECTION((0.,0.,1.));
#4324=IFCEXTRUDEDAREASOLID(#4318,#4322,#4323,1.9739999995799735);
#4325=IFCCARTESIANPOINTLIST2D(((0.,0.),(0.,-0.040000000000000008),(-0.11999999999999994,-0.040000000000000008),(-0.11999999999999994,-0.020000000000000004),(-0.020000000000000018,-0.020000000000000004),(-0.020000000000000018,0.)));
#4326=IFCINDEXEDPOLYCURVE(#4325,(IFCLINEINDEX((1,2,3,4,5,6,1))),$);
#4327=IFCARBITRARYCLOSEDPROFILEDEF(.AREA.,$,#4326);
#4328=IFCCARTESIANPOINT((0.52986073393840338,-0.035000000149011612,1.015000000372529));
#4329=IFCDIRECTION((0.,0.,1.));
#4330=IFCDIRECTION((1.,0.,0.));
#4331=IFCAXIS2PLACEMENT3D(#4328,#4329,#4330);
#4332=IFCDIRECTION((0.,0.,1.));
#4333=IFCEXTRUDEDAREASOLID(#4327,#4331,#4332,0.02);
#4334=IFCEXTRUDEDAREASOLID(#4335,#4338,#4342,0.02);
#4335=IFCARBITRARYCLOSEDPROFILEDEF(.AREA.,$,#4336);
#4336=IFCINDEXEDPOLYCURVE(#4337,(IFCLINEINDEX((1,2,3,4,5,6,1))),$);
#4337=IFCCARTESIANPOINTLIST2D(((0.,0.),(0.,0.040000000000000008),(-0.11999999999999994,0.040000000000000008),(-0.11999999999999994,0.020000000000000004),(-0.020000000000000018,0.020000000000000004),(-0.020000000000000018,0.)));
#4338=IFCAXIS2PLACEMENT3D(#4339,#4340,#4341);
#4339=IFCCARTESIANPOINT((0.52986073393840338,0.,1.015000000372529));
#4340=IFCDIRECTION((0.,0.,1.));
#4341=IFCDIRECTION((1.,0.,0.));
#4342=IFCDIRECTION((0.,0.,1.));
#4384=IFCCARTESIANPOINTLIST2D(((0.,0.),(0.,2.),(0.58086073398590088,2.),(0.58086073398590088,0.),(0.57986073393840343,0.),(0.57986073393840343,1.9989999999525025),(0.0010000000474974513,1.9989999999525025),(0.0010000000474974513,0.)));
#4385=IFCINDEXEDPOLYCURVE(#4384,(IFCLINEINDEX((1,2,3,4,5,6,7,8,1))),$);
#4386=IFCARBITRARYCLOSEDPROFILEDEF(.AREA.,$,#4385);
#4387=IFCCARTESIANPOINT((0.,0.,0.));
#4388=IFCDIRECTION((0.,-1.,0.));
#4389=IFCDIRECTION((1.,0.,0.));
#4390=IFCAXIS2PLACEMENT3D(#4387,#4388,#4389);
#4391=IFCDIRECTION((0.,0.,-1.));
#4392=IFCEXTRUDEDAREASOLID(#4386,#4390,#4391,0.05000000074505806);
#4393=IFCCARTESIANPOINTLIST2D(((0.,0.),(0.57886073389090598,0.),(0.57886073389090598,0.065984465181827545),(0.,0.065984465181827545)));
#4394=IFCINDEXEDPOLYCURVE(#4393,(IFCLINEINDEX((1,2,3,4,1))),$);
#4395=IFCARBITRARYCLOSEDPROFILEDEF(.AREA.,$,#4394);
#4396=IFCCARTESIANPOINT((0.0010000000474974513,0.,0.));
#4397=IFCDIRECTION((0.,0.,1.));
#4398=IFCDIRECTION((1.,0.,0.));
#4399=IFCAXIS2PLACEMENT3D(#4396,#4397,#4398);
#4400=IFCDIRECTION((0.,0.,1.));
#4401=IFCEXTRUDEDAREASOLID(#4395,#4399,#4400,0.02500000037252903);
#4402=IFCCARTESIANPOINTLIST2D(((0.,0.),(0.,2.0923906584503129),(0.7656420508865267,2.0923906584503129),(0.7656420508865267,0.),(0.67225139238871634,0.),(0.67225139238871634,1.9989999999525025),(0.093390658497810364,1.9989999999525025),(0.093390658497810364,0.)));
#4403=IFCINDEXEDPOLYCURVE(#4402,(IFCLINEINDEX((1,2,3,4,5,6,7,8,1))),$);
#4404=IFCARBITRARYCLOSEDPROFILEDEF(.AREA.,$,#4403);
#4405=IFCCARTESIANPOINT((-0.092390658450312912,-0.028583887964487076,0.));
#4406=IFCDIRECTION((0.,-1.,0.));
#4407=IFCDIRECTION((1.,0.,0.));
#4408=IFCAXIS2PLACEMENT3D(#4405,#4406,#4407);
#4409=IFCDIRECTION((0.,0.,-1.));
#4410=IFCEXTRUDEDAREASOLID(#4404,#4408,#4409,0.028583887964487076);
#4411=IFCCARTESIANPOINTLIST2D(((0.,0.),(0.,2.0923906584503129),(0.7656420508865267,2.0923906584503129),(0.7656420508865267,0.),(0.67225139238871634,0.),(0.67225139238871634,1.9989999999525025),(0.093390658497810364,1.9989999999525025),(0.093390658497810364,0.)));
#4412=IFCINDEXEDPOLYCURVE(#4411,(IFCLINEINDEX((1,2,3,4,5,6,7,8,1))),$);
#4413=IFCARBITRARYCLOSEDPROFILEDEF(.AREA.,$,#4412);
#4414=IFCCARTESIANPOINT((-0.092390658450312912,0.05000000074505806,0.));
#4415=IFCDIRECTION((0.,-1.,0.));
#4416=IFCDIRECTION((1.,0.,0.));
#4417=IFCAXIS2PLACEMENT3D(#4414,#4415,#4416);
#4418=IFCDIRECTION((0.,0.,-1.));
#4419=IFCEXTRUDEDAREASOLID(#4413,#4417,#4418,0.028583887964487076);
#4420=IFCCARTESIANPOINTLIST2D(((0.,0.),(0.57886073389090598,0.),(0.57886073389090598,0.035000000149011612),(0.,0.035000000149011612)));
#4421=IFCINDEXEDPOLYCURVE(#4420,(IFCLINEINDEX((1,2,3,4,1))),$);
#4422=IFCARBITRARYCLOSEDPROFILEDEF(.AREA.,$,#4421);
#4423=IFCCARTESIANPOINT((0.0010000000474974513,-0.035000000149011612,0.02500000037252903));
#4424=IFCDIRECTION((0.,0.,1.));
#4425=IFCDIRECTION((1.,0.,0.));
#4426=IFCAXIS2PLACEMENT3D(#4423,#4424,#4425);
#4427=IFCDIRECTION((0.,0.,1.));
#4428=IFCEXTRUDEDAREASOLID(#4422,#4426,#4427,1.9739999995799735);
#4429=IFCCARTESIANPOINTLIST2D(((0.,0.),(0.,-0.040000000000000008),(-0.11999999999999994,-0.040000000000000008),(-0.11999999999999994,-0.020000000000000004),(-0.020000000000000018,-0.020000000000000004),(-0.020000000000000018,0.)));
#4430=IFCINDEXEDPOLYCURVE(#4429,(IFCLINEINDEX((1,2,3,4,5,6,1))),$);
#4431=IFCARBITRARYCLOSEDPROFILEDEF(.AREA.,$,#4430);
#4432=IFCCARTESIANPOINT((0.52986073393840338,-0.035000000149011612,1.015000000372529));
#4433=IFCDIRECTION((0.,0.,1.));
#4434=IFCDIRECTION((1.,0.,0.));
#4435=IFCAXIS2PLACEMENT3D(#4432,#4433,#4434);
#4436=IFCDIRECTION((0.,0.,1.));
#4437=IFCEXTRUDEDAREASOLID(#4431,#4435,#4436,0.02);
#4438=IFCEXTRUDEDAREASOLID(#4439,#4442,#4446,0.02);
#4439=IFCARBITRARYCLOSEDPROFILEDEF(.AREA.,$,#4440);
#4440=IFCINDEXEDPOLYCURVE(#4441,(IFCLINEINDEX((1,2,3,4,5,6,1))),$);
#4441=IFCCARTESIANPOINTLIST2D(((0.,0.),(0.,0.040000000000000008),(-0.11999999999999994,0.040000000000000008),(-0.11999999999999994,0.020000000000000004),(-0.020000000000000018,0.020000000000000004),(-0.020000000000000018,0.)));
#4442=IFCAXIS2PLACEMENT3D(#4443,#4444,#4445);
#4443=IFCCARTESIANPOINT((0.52986073393840338,0.,1.015000000372529));
#4444=IFCDIRECTION((0.,0.,1.));
#4445=IFCDIRECTION((1.,0.,0.));
#4446=IFCDIRECTION((0.,0.,1.));
#4485=IFCCARTESIANPOINTLIST3D(((0.,0.,0.),(0.58086073398590088,0.,0.),(0.58086073398590088,0.,2.),(0.,0.,2.)));
#4486=IFCINDEXEDPOLYCURVE(#4485,(IFCLINEINDEX((1,2,3,4,1))),$);
#4487=IFCSHAPEREPRESENTATION(#18,'Profile','Curve3D',(#4486));
#4488=IFCCARTESIANPOINTLIST2D(((0.,0.),(0.,2.),(0.58086073398590088,2.),(0.58086073398590088,0.),(0.57986073393840343,0.),(0.57986073393840343,1.9989999999525025),(0.0010000000474974513,1.9989999999525025),(0.0010000000474974513,0.)));
#4489=IFCINDEXEDPOLYCURVE(#4488,(IFCLINEINDEX((1,2,3,4,5,6,7,8,1))),$);
#4490=IFCARBITRARYCLOSEDPROFILEDEF(.AREA.,$,#4489);
#4491=IFCCARTESIANPOINT((0.,0.,0.));
#4492=IFCDIRECTION((0.,-1.,0.));
#4493=IFCDIRECTION((1.,0.,0.));
#4494=IFCAXIS2PLACEMENT3D(#4491,#4492,#4493);
#4495=IFCDIRECTION((0.,0.,-1.));
#4496=IFCEXTRUDEDAREASOLID(#4490,#4494,#4495,0.05000000074505806);
#4497=IFCCARTESIANPOINTLIST2D(((0.,0.),(0.57886073389090598,0.),(0.57886073389090598,0.065984465181827545),(0.,0.065984465181827545)));
#4498=IFCINDEXEDPOLYCURVE(#4497,(IFCLINEINDEX((1,2,3,4,1))),$);
#4499=IFCARBITRARYCLOSEDPROFILEDEF(.AREA.,$,#4498);
#4500=IFCCARTESIANPOINT((0.0010000000474974513,0.,0.));
#4501=IFCDIRECTION((0.,0.,1.));
#4502=IFCDIRECTION((1.,0.,0.));
#4503=IFCAXIS2PLACEMENT3D(#4500,#4501,#4502);
#4504=IFCDIRECTION((0.,0.,1.));
#4505=IFCEXTRUDEDAREASOLID(#4499,#4503,#4504,0.02500000037252903);
#4506=IFCCARTESIANPOINTLIST2D(((0.,0.),(0.,2.0923906584503129),(0.7656420508865267,2.0923906584503129),(0.7656420508865267,0.),(0.67225139238871634,0.),(0.67225139238871634,1.9989999999525025),(0.093390658497810364,1.9989999999525025),(0.093390658497810364,0.)));
#4507=IFCINDEXEDPOLYCURVE(#4506,(IFCLINEINDEX((1,2,3,4,5,6,7,8,1))),$);
#4508=IFCARBITRARYCLOSEDPROFILEDEF(.AREA.,$,#4507);
#4509=IFCCARTESIANPOINT((-0.092390658450312912,-0.028583887964487076,0.));
#4510=IFCDIRECTION((0.,-1.,0.));
#4511=IFCDIRECTION((1.,0.,0.));
#4512=IFCAXIS2PLACEMENT3D(#4509,#4510,#4511);
#4513=IFCDIRECTION((0.,0.,-1.));
#4514=IFCEXTRUDEDAREASOLID(#4508,#4512,#4513,0.028583887964487076);
#4515=IFCCARTESIANPOINTLIST2D(((0.,0.),(0.,2.0923906584503129),(0.7656420508865267,2.0923906584503129),(0.7656420508865267,0.),(0.67225139238871634,0.),(0.67225139238871634,1.9989999999525025),(0.093390658497810364,1.9989999999525025),(0.093390658497810364,0.)));
#4516=IFCINDEXEDPOLYCURVE(#4515,(IFCLINEINDEX((1,2,3,4,5,6,7,8,1))),$);
#4517=IFCARBITRARYCLOSEDPROFILEDEF(.AREA.,$,#4516);
#4518=IFCCARTESIANPOINT((-0.092390658450312912,0.05000000074505806,0.));
#4519=IFCDIRECTION((0.,-1.,0.));
#4520=IFCDIRECTION((1.,0.,0.));
#4521=IFCAXIS2PLACEMENT3D(#4518,#4519,#4520);
#4522=IFCDIRECTION((0.,0.,-1.));
#4523=IFCEXTRUDEDAREASOLID(#4517,#4521,#4522,0.028583887964487076);
#4524=IFCCARTESIANPOINTLIST2D(((0.,0.),(0.57886073389090598,0.),(0.57886073389090598,0.035000000149011612),(0.,0.035000000149011612)));
#4525=IFCINDEXEDPOLYCURVE(#4524,(IFCLINEINDEX((1,2,3,4,1))),$);
#4526=IFCARBITRARYCLOSEDPROFILEDEF(.AREA.,$,#4525);
#4527=IFCCARTESIANPOINT((0.0010000000474974513,-0.035000000149011612,0.02500000037252903));
#4528=IFCDIRECTION((0.,0.,1.));
#4529=IFCDIRECTION((1.,0.,0.));
#4530=IFCAXIS2PLACEMENT3D(#4527,#4528,#4529);
#4531=IFCDIRECTION((0.,0.,1.));
#4532=IFCEXTRUDEDAREASOLID(#4526,#4530,#4531,1.9739999995799735);
#4533=IFCCARTESIANPOINTLIST2D(((0.,0.),(0.,-0.040000000000000008),(-0.11999999999999994,-0.040000000000000008),(-0.11999999999999994,-0.020000000000000004),(-0.020000000000000018,-0.020000000000000004),(-0.020000000000000018,0.)));
#4534=IFCINDEXEDPOLYCURVE(#4533,(IFCLINEINDEX((1,2,3,4,5,6,1))),$);
#4535=IFCARBITRARYCLOSEDPROFILEDEF(.AREA.,$,#4534);
#4536=IFCCARTESIANPOINT((0.52986073393840338,-0.035000000149011612,1.015000000372529));
#4537=IFCDIRECTION((0.,0.,1.));
#4538=IFCDIRECTION((1.,0.,0.));
#4539=IFCAXIS2PLACEMENT3D(#4536,#4537,#4538);
#4540=IFCDIRECTION((0.,0.,1.));
#4541=IFCEXTRUDEDAREASOLID(#4535,#4539,#4540,0.02);
#4542=IFCEXTRUDEDAREASOLID(#4543,#4546,#4550,0.02);
#4543=IFCARBITRARYCLOSEDPROFILEDEF(.AREA.,$,#4544);
#4544=IFCINDEXEDPOLYCURVE(#4545,(IFCLINEINDEX((1,2,3,4,5,6,1))),$);
#4545=IFCCARTESIANPOINTLIST2D(((0.,0.),(0.,0.040000000000000008),(-0.11999999999999994,0.040000000000000008),(-0.11999999999999994,0.020000000000000004),(-0.020000000000000018,0.020000000000000004),(-0.020000000000000018,0.)));
#4546=IFCAXIS2PLACEMENT3D(#4547,#4548,#4549);
#4547=IFCCARTESIANPOINT((0.52986073393840338,0.,1.015000000372529));
#4548=IFCDIRECTION((0.,0.,1.));
#4549=IFCDIRECTION((1.,0.,0.));
#4550=IFCDIRECTION((0.,0.,1.));
#4551=IFCSHAPEREPRESENTATION(#11,'Body','SweptSolid',(#4496,#4532,#4541,#4542,#4505,#4514,#4523));
#4552=IFCCARTESIANPOINTLIST2D(((0.,0.),(0.0010000000474974513,0.),(0.0010000000474974513,0.05000000074505806),(0.,0.05000000074505806)));
#4553=IFCINDEXEDPOLYCURVE(#4552,(IFCLINEINDEX((1,2,3,4,1))),$);
#4554=IFCINDEXEDPOLYCURVE(#4555,(IFCLINEINDEX((1,2,3,4,1))),$);
#4555=IFCCARTESIANPOINTLIST2D(((0.58086073398590088,0.),(0.57986073393840343,0.),(0.57986073393840343,0.05000000074505806),(0.58086073398590088,0.05000000074505806)));
#4556=IFCCARTESIANPOINTLIST2D(((-0.28843036689795554,-0.035000000149011612),(0.29043036699295044,-0.035000000149011612),(0.29043036699295044,0.),(-0.28843036689795554,0.)));
#4557=IFCINDEXEDPOLYCURVE(#4556,(IFCLINEINDEX((1,2,3,4,1))),$);
#4558=IFCSHAPEREPRESENTATION(#24,'Body','Curve2D',(#4553,#4554,#4557));
#4559=IFCCARTESIANPOINTLIST2D(((0.20360125690931452,-0.081587428267465345),(0.37725947707658636,-0.081587428267465345)));
#4560=IFCINDEXEDPOLYCURVE(#4559,$,$);
#4561=IFCCARTESIANPOINTLIST2D(((0.23360125690931452,-0.050529142855162856),(0.20360125690931452,-0.081587428267465345),(0.23360125690931452,-0.11264571367976783)));
#4562=IFCINDEXEDPOLYCURVE(#4561,$,$);
#4563=IFCSHAPEREPRESENTATION(#25,'Annotation','Curve2D',(#4560,#4562));
#4564=IFCCARTESIANPOINTLIST2D(((0.,0.),(0.58086073398590088,0.),(0.58086073398590088,2.),(0.,2.)));
#4565=IFCINDEXEDPOLYCURVE(#4564,(IFCLINEINDEX((1,2,3,4,1))),$);
#4566=IFCARBITRARYCLOSEDPROFILEDEF(.AREA.,$,#4565);
#4567=IFCCARTESIANPOINT((0.,-0.60000002384185791,0.));
#4568=IFCDIRECTION((0.,-1.,0.));
#4569=IFCDIRECTION((1.,0.,0.));
#4570=IFCAXIS2PLACEMENT3D(#4567,#4568,#4569);
#4571=IFCDIRECTION((0.,0.,-1.));
#4572=IFCEXTRUDEDAREASOLID(#4566,#4570,#4571,1.2);
#4573=IFCSHAPEREPRESENTATION(#11,'Body','SweptSolid',(#4572));
#4579=IFCCARTESIANPOINT((0.76951543966959601,0.099999782407591553,0.));
#4580=IFCDIRECTION((0.,0.,1.));
#4581=IFCDIRECTION((-0.99999999999999611,8.7422776573472364E-08,0.));
#4582=IFCAXIS2PLACEMENT3D(#4579,#4580,#4581);
#4583=IFCLOCALPLACEMENT(#2736,#4582);
#4584=IFCCARTESIANPOINT((-2.7755575615628914E-17,0.,0.));
#4585=IFCDIRECTION((0.,0.,1.));
#4586=IFCDIRECTION((1.,2.6469779601696886E-23,0.));
#4587=IFCAXIS2PLACEMENT3D(#4584,#4585,#4586);
#4588=IFCLOCALPLACEMENT(#4583,#4587);
#4589=IFCWINDOWTYPE('1089kSM4rA1xL0d348D5py',$,'bentanerjelosy',$,$,(#4590),(#4599,#4647,#4669),$,$,.WINDOW.,.SINGLE_PANEL.,$,$);
#4590=IFCPROPERTYSET('3nQLSxSqHBeB4asV8Oq8JG',$,'BBIM_Window',$,(#4591));
#4591=IFCPROPERTYSINGLEVALUE('Data',$,IFCTEXT('{"window_type": "SINGLE_PANEL", "overall_height": 0.8999999761581421, "overall_width": 0.722612738609314, "lining_properties": {"lining_depth": 0.05000000074505806, "lining_thickness": 0.05000000074505806, "lining_offset": 0.05000000074505806, "lining_to_panel_offset_x": 0.02500000037252903, "lining_to_panel_offset_y": 0.02500000037252903}, "panel_properties": {"frame_depth": [0.03500000014901161, 0.03500000014901161, 0.03500000014901161], "frame_thickness": [0.03500000014901161, 0.03500000014901161, 0.03500000014901161]}}'),$);
#4595=IFCCARTESIANPOINT((0.,0.,0.));
#4596=IFCDIRECTION((1.,0.,0.));
#4597=IFCDIRECTION((0.,0.,1.));
#4598=IFCAXIS2PLACEMENT3D(#4595,#4597,#4596);
#4599=IFCREPRESENTATIONMAP(#4598,#8521);
#4643=IFCCARTESIANPOINT((0.,0.,0.));
#4644=IFCDIRECTION((1.,0.,0.));
#4645=IFCDIRECTION((0.,0.,1.));
#4646=IFCAXIS2PLACEMENT3D(#4643,#4645,#4644);
#4647=IFCREPRESENTATIONMAP(#4646,#8564);
#4665=IFCCARTESIANPOINT((0.,0.,0.));
#4666=IFCDIRECTION((1.,0.,0.));
#4667=IFCDIRECTION((0.,0.,1.));
#4668=IFCAXIS2PLACEMENT3D(#4665,#4667,#4666);
#4669=IFCREPRESENTATIONMAP(#4668,#8587);
#6649=IFCCARTESIANPOINT((-2.2204460492503131E-16,0.,0.));
#6650=IFCDIRECTION((0.,0.,1.));
#6651=IFCDIRECTION((0.99999999999999989,5.2939559203393771E-23,0.));
#6652=IFCAXIS2PLACEMENT3D(#6649,#6650,#6651);
#6653=IFCLOCALPLACEMENT(#3514,#6652);
#6654=IFCCARTESIANPOINT((0.79114264249801636,6.514739990234375,0.));
#6655=IFCDIRECTION((0.,0.,1.));
#6656=IFCDIRECTION((1.9470718370939353E-07,-0.99999999999998113,0.));
#6657=IFCAXIS2PLACEMENT3D(#6654,#6655,#6656);
#6658=IFCLOCALPLACEMENT(#62,#6657);
#6662=IFCWINDOWTYPE('0JebAtzmT3iQd2Oghlj6BV',$,'wendogis',$,$,(#6663),(#6665,#6673,#6721),$,$,.WINDOW.,.SINGLE_PANEL.,$,$);
#6663=IFCPROPERTYSET('3mbFrK2YHFoR9I_JsSwY63',$,'BBIM_Window',$,(#6664));
#6664=IFCPROPERTYSINGLEVALUE('Data',$,IFCTEXT('{"window_type": "DOUBLE_PANEL_VERTICAL", "overall_height": 0.8999999761581421, "overall_width": 1.0189725160598755, "lining_properties": {"lining_depth": 0.05000000074505806, "lining_thickness": 0.05000000074505806, "lining_offset": 0.05000000074505806, "lining_to_panel_offset_x": 0.02500000037252903, "lining_to_panel_offset_y": 0.02500000037252903, "mullion_thickness": 0.05000000074505806, "first_mullion_offset": 0.30000001192092896}, "panel_properties": {"frame_depth": [0.03500000014901161, 0.03500000014901161, 0.03500000014901161], "frame_thickness": [0.03500000014901161, 0.03500000014901161, 0.03500000014901161]}}'),$);
#6665=IFCREPRESENTATIONMAP(#6666,#7271);
#6666=IFCAXIS2PLACEMENT3D(#6667,#6668,#6669);
#6667=IFCCARTESIANPOINT((0.,0.,0.));
#6668=IFCDIRECTION((0.,0.,1.));
#6669=IFCDIRECTION((1.,0.,0.));
#6673=IFCREPRESENTATIONMAP(#6674,#7352);
#6674=IFCAXIS2PLACEMENT3D(#6675,#6676,#6677);
#6675=IFCCARTESIANPOINT((0.,0.,0.));
#6676=IFCDIRECTION((0.,0.,1.));
#6677=IFCDIRECTION((1.,0.,0.));
#6721=IFCREPRESENTATIONMAP(#6722,#7385);
#6722=IFCAXIS2PLACEMENT3D(#6723,#6724,#6725);
#6723=IFCCARTESIANPOINT((0.,0.,0.));
#6724=IFCDIRECTION((0.,0.,1.));
#6725=IFCDIRECTION((1.,0.,0.));
#6743=IFCWINDOW('0QQ$Ey6CzEExHO2513il9m',$,'Window',$,$,#7410,#6752,$,0.89999997615814209,1.0189725160598755,$,.DOUBLE_PANEL_VERTICAL.,$);
#6744=IFCRELDEFINESBYTYPE('1q3vcIm0P14RVOXM8zqrov',$,$,$,(#6743),#6662);
#6745=IFCCARTESIANPOINT((0.,0.,0.));
#6746=IFCDIRECTION((1.,0.,0.));
#6747=IFCDIRECTION((0.,1.,0.));
#6748=IFCDIRECTION((0.,0.,1.));
#6749=IFCCARTESIANTRANSFORMATIONOPERATOR3D(#6746,#6747,#6745,1.,#6748);
#6750=IFCMAPPEDITEM(#6665,#6749);
#6751=IFCSHAPEREPRESENTATION(#18,'Profile','MappedRepresentation',(#6750));
#6752=IFCPRODUCTDEFINITIONSHAPE($,$,(#6751,#6759,#6766));
#6753=IFCCARTESIANPOINT((0.,0.,0.));
#6754=IFCDIRECTION((1.,0.,0.));
#6755=IFCDIRECTION((0.,1.,0.));
#6756=IFCDIRECTION((0.,0.,1.));
#6757=IFCCARTESIANTRANSFORMATIONOPERATOR3D(#6754,#6755,#6753,1.,#6756);
#6758=IFCMAPPEDITEM(#6673,#6757);
#6759=IFCSHAPEREPRESENTATION(#11,'Body','MappedRepresentation',(#6758));
#6760=IFCCARTESIANPOINT((0.,0.,0.));
#6761=IFCDIRECTION((1.,0.,0.));
#6762=IFCDIRECTION((0.,1.,0.));
#6763=IFCDIRECTION((0.,0.,1.));
#6764=IFCCARTESIANTRANSFORMATIONOPERATOR3D(#6761,#6762,#6760,1.,#6763);
#6765=IFCMAPPEDITEM(#6721,#6764);
#6766=IFCSHAPEREPRESENTATION(#24,'Body','MappedRepresentation',(#6765));
#6767=IFCOPENINGELEMENT('2wpNNC8Zr4HeKWnMlm0gtx',$,'Opening',$,$,#7405,#6795,$,.OPENING.);
#6783=IFCCARTESIANPOINT((0.,0.,0.));
#6784=IFCDIRECTION((1.,0.,0.));
#6785=IFCDIRECTION((0.,0.,1.));
#6786=IFCAXIS2PLACEMENT3D(#6783,#6785,#6784);
#6787=IFCREPRESENTATIONMAP(#6786,#7395);
#6788=IFCCARTESIANPOINT((0.,0.,0.));
#6789=IFCDIRECTION((1.,0.,0.));
#6790=IFCDIRECTION((0.,1.,0.));
#6791=IFCDIRECTION((0.,0.,1.));
#6792=IFCCARTESIANTRANSFORMATIONOPERATOR3D(#6789,#6790,#6788,1.,#6791);
#6793=IFCMAPPEDITEM(#6787,#6792);
#6794=IFCSHAPEREPRESENTATION(#11,'Body','MappedRepresentation',(#6793));
#6795=IFCPRODUCTDEFINITIONSHAPE($,$,(#6794));
#6796=IFCRELVOIDSELEMENT('2j7SN_RXHDSwrWfTQAH9in',$,$,$,#778,#6767);
#6802=IFCRELFILLSELEMENT('2nEsYvDRDBaxOMDpdkI38U',$,$,$,#6767,#6743);
#6841=IFCCARTESIANPOINTLIST2D(((1.0189725160598755,0.44999998807907104),(1.0189725160598755,0.),(0.,0.),(0.,0.44999998807907104),(0.02500000037252903,0.44999998807907104),(0.02500000037252903,0.02500000037252903),(0.99397251568734646,0.02500000037252903),(0.99397251568734646,0.44999998807907104)));
#6842=IFCINDEXEDPOLYCURVE(#6841,(IFCLINEINDEX((1,2,3,4,5,6,7,8,1))),$);
#6843=IFCARBITRARYCLOSEDPROFILEDEF(.AREA.,$,#6842);
#6844=IFCCARTESIANPOINT((0.,0.090000001713633537,0.));
#6845=IFCDIRECTION((0.,-1.,0.));
#6846=IFCDIRECTION((1.,0.,0.));
#6847=IFCAXIS2PLACEMENT3D(#6844,#6845,#6846);
#6848=IFCDIRECTION((0.,0.,-1.));
#6849=IFCEXTRUDEDAREASOLID(#6843,#6847,#6848,0.0099999997764825821);
#6850=IFCCARTESIANPOINTLIST2D(((0.,0.),(1.0189725160598755,0.),(1.0189725160598755,0.44999998807907104),(0.,0.44999998807907104)));
#6851=IFCINDEXEDPOLYCURVE(#6850,(IFCLINEINDEX((1,2,3,4,1))),$);
#6852=IFCCARTESIANPOINTLIST2D(((0.05000000074505806,0.05000000074505806),(0.96897251531481743,0.05000000074505806),(0.96897251531481743,0.42499998770654202),(0.05000000074505806,0.42499998770654202)));
#6853=IFCINDEXEDPOLYCURVE(#6852,(IFCLINEINDEX((1,2,3,4,1))),$);
#6854=IFCARBITRARYPROFILEDEFWITHVOIDS(.AREA.,$,#6851,(#6853));
#6855=IFCCARTESIANPOINT((0.,0.05000000074505806,0.));
#6856=IFCDIRECTION((0.,-1.,0.));
#6857=IFCDIRECTION((1.,0.,0.));
#6858=IFCAXIS2PLACEMENT3D(#6855,#6856,#6857);
#6859=IFCDIRECTION((0.,0.,-1.));
#6860=IFCEXTRUDEDAREASOLID(#6854,#6858,#6859,0.040000000968575478);
#6861=IFCCARTESIANPOINTLIST2D(((0.,0.),(0.96897251531481743,0.),(0.96897251531481743,0.42499998770654202),(0.,0.42499998770654202)));
#6862=IFCINDEXEDPOLYCURVE(#6861,(IFCLINEINDEX((1,2,3,4,1))),$);
#6863=IFCCARTESIANPOINTLIST2D(((0.035000000149011612,0.035000000149011612),(0.93397251516580582,0.035000000149011612),(0.93397251516580582,0.3899999875575304),(0.035000000149011612,0.3899999875575304)));
#6864=IFCINDEXEDPOLYCURVE(#6863,(IFCLINEINDEX((1,2,3,4,1))),$);
#6865=IFCARBITRARYPROFILEDEFWITHVOIDS(.AREA.,$,#6862,(#6864));
#6866=IFCCARTESIANPOINT((0.02500000037252903,0.090000001713633537,0.02500000037252903));
#6867=IFCDIRECTION((0.,-1.,0.));
#6868=IFCDIRECTION((1.,0.,0.));
#6869=IFCAXIS2PLACEMENT3D(#6866,#6867,#6868);
#6870=IFCDIRECTION((0.,0.,-1.));
#6871=IFCEXTRUDEDAREASOLID(#6865,#6869,#6870,0.035000000149011612);
#6872=IFCINDEXEDPOLYCURVE(#6873,(IFCLINEINDEX((1,2,3,4,1))),$);
#6873=IFCCARTESIANPOINTLIST2D(((0.035000000149011612,0.035000000149011612),(0.93397251516580582,0.035000000149011612),(0.93397251516580582,0.3899999875575304),(0.035000000149011612,0.3899999875575304)));
#6874=IFCARBITRARYCLOSEDPROFILEDEF(.AREA.,$,#6872);
#6875=IFCCARTESIANPOINT((0.02500000037252903,0.10250000178813934,0.02500000037252903));
#6876=IFCDIRECTION((0.,-1.,0.));
#6877=IFCDIRECTION((1.,0.,0.));
#6878=IFCAXIS2PLACEMENT3D(#6875,#6876,#6877);
#6879=IFCDIRECTION((0.,0.,-1.));
#6880=IFCEXTRUDEDAREASOLID(#6874,#6878,#6879,0.01);
#6881=IFCCARTESIANPOINTLIST2D(((0.,0.),(0.,0.44999998807907104),(1.0189725160598755,0.44999998807907104),(1.0189725160598755,0.),(0.99397251568734646,0.),(0.99397251568734646,0.42499998770654202),(0.02500000037252903,0.42499998770654202),(0.02500000037252903,0.)));
#6882=IFCINDEXEDPOLYCURVE(#6881,(IFCLINEINDEX((1,2,3,4,5,6,7,8,1))),$);
#6883=IFCARBITRARYCLOSEDPROFILEDEF(.AREA.,$,#6882);
#6884=IFCCARTESIANPOINT((0.,0.090000001713633537,0.44999998807907104));
#6885=IFCDIRECTION((0.,-1.,0.));
#6886=IFCDIRECTION((1.,0.,0.));
#6887=IFCAXIS2PLACEMENT3D(#6884,#6885,#6886);
#6888=IFCDIRECTION((0.,0.,-1.));
#6889=IFCEXTRUDEDAREASOLID(#6883,#6887,#6888,0.0099999997764825821);
#6890=IFCCARTESIANPOINTLIST2D(((0.,0.),(1.0189725160598755,0.),(1.0189725160598755,0.44999998807907104),(0.,0.44999998807907104)));
#6891=IFCINDEXEDPOLYCURVE(#6890,(IFCLINEINDEX((1,2,3,4,1))),$);
#6892=IFCCARTESIANPOINTLIST2D(((0.05000000074505806,0.02500000037252903),(0.96897251531481743,0.02500000037252903),(0.96897251531481743,0.39999998733401299),(0.05000000074505806,0.39999998733401299)));
#6893=IFCINDEXEDPOLYCURVE(#6892,(IFCLINEINDEX((1,2,3,4,1))),$);
#6894=IFCARBITRARYPROFILEDEFWITHVOIDS(.AREA.,$,#6891,(#6893));
#6895=IFCCARTESIANPOINT((0.,0.05000000074505806,0.44999998807907104));
#6896=IFCDIRECTION((0.,-1.,0.));
#6897=IFCDIRECTION((1.,0.,0.));
#6898=IFCAXIS2PLACEMENT3D(#6895,#6896,#6897);
#6899=IFCDIRECTION((0.,0.,-1.));
#6900=IFCEXTRUDEDAREASOLID(#6894,#6898,#6899,0.040000000968575478);
#6901=IFCCARTESIANPOINTLIST2D(((0.,0.),(0.96897251531481743,0.),(0.96897251531481743,0.42499998770654202),(0.,0.42499998770654202)));
#6902=IFCINDEXEDPOLYCURVE(#6901,(IFCLINEINDEX((1,2,3,4,1))),$);
#6903=IFCCARTESIANPOINTLIST2D(((0.035000000149011612,0.035000000149011612),(0.93397251516580582,0.035000000149011612),(0.93397251516580582,0.3899999875575304),(0.035000000149011612,0.3899999875575304)));
#6904=IFCINDEXEDPOLYCURVE(#6903,(IFCLINEINDEX((1,2,3,4,1))),$);
#6905=IFCARBITRARYPROFILEDEFWITHVOIDS(.AREA.,$,#6902,(#6904));
#6906=IFCCARTESIANPOINT((0.02500000037252903,0.090000001713633537,0.44999998807907104));
#6907=IFCDIRECTION((0.,-1.,0.));
#6908=IFCDIRECTION((1.,0.,0.));
#6909=IFCAXIS2PLACEMENT3D(#6906,#6907,#6908);
#6910=IFCDIRECTION((0.,0.,-1.));
#6911=IFCEXTRUDEDAREASOLID(#6905,#6909,#6910,0.035000000149011612);
#6912=IFCINDEXEDPOLYCURVE(#6913,(IFCLINEINDEX((1,2,3,4,1))),$);
#6913=IFCCARTESIANPOINTLIST2D(((0.035000000149011612,0.035000000149011612),(0.93397251516580582,0.035000000149011612),(0.93397251516580582,0.3899999875575304),(0.035000000149011612,0.3899999875575304)));
#6914=IFCARBITRARYCLOSEDPROFILEDEF(.AREA.,$,#6912);
#6915=IFCCARTESIANPOINT((0.02500000037252903,0.10250000178813934,0.44999998807907104));
#6916=IFCDIRECTION((0.,-1.,0.));
#6917=IFCDIRECTION((1.,0.,0.));
#6918=IFCAXIS2PLACEMENT3D(#6915,#6916,#6917);
#6919=IFCDIRECTION((0.,0.,-1.));
#6920=IFCEXTRUDEDAREASOLID(#6914,#6918,#6919,0.01);
#6922=IFCSHAPEREPRESENTATION(#11,'Body','SweptSolid',(#7138,#7149,#7320,#7331,#7047,#6860,#7189,#6900,#7280,#6849,#7178,#7291,#6889,#7036,#6996,#7007));
#6923=IFCSHAPEASPECT((#6922),'Lining',$,.T.,#6752);
#6924=IFCSHAPEREPRESENTATION(#11,'Body','SweptSolid',(#7160,#7342,#6871,#7058,#7200,#7302,#6911,#7018));
#6925=IFCSHAPEASPECT((#6924),'Framing',$,.T.,#6752);
#6926=IFCSHAPEREPRESENTATION(#11,'Body','SweptSolid',(#6880,#7209,#7311,#6920,#7351,#7027,#7169,#7067));
#6927=IFCSHAPEASPECT((#6926),'Glazing',$,.T.,#6752);
#6988=IFCCARTESIANPOINTLIST2D(((0.30000001192092896,0.),(0.,0.),(0.,0.89999997615814209),(0.30000001192092896,0.89999997615814209),(0.30000001192092896,0.87499997578561306),(0.02500000037252903,0.87499997578561306),(0.02500000037252903,0.02500000037252903),(0.30000001192092896,0.02500000037252903)));
#6989=IFCINDEXEDPOLYCURVE(#6988,(IFCLINEINDEX((1,2,3,4,5,6,7,8,1))),$);
#6990=IFCARBITRARYCLOSEDPROFILEDEF(.AREA.,$,#6989);
#6991=IFCCARTESIANPOINT((0.,0.090000001713633537,0.));
#6992=IFCDIRECTION((0.,-1.,0.));
#6993=IFCDIRECTION((1.,0.,0.));
#6994=IFCAXIS2PLACEMENT3D(#6991,#6992,#6993);
#6995=IFCDIRECTION((0.,0.,-1.));
#6996=IFCEXTRUDEDAREASOLID(#6990,#6994,#6995,0.0099999997764825821);
#6997=IFCCARTESIANPOINTLIST2D(((0.,0.),(0.30000001192092896,0.),(0.30000001192092896,0.89999997615814209),(0.,0.89999997615814209)));
#6998=IFCINDEXEDPOLYCURVE(#6997,(IFCLINEINDEX((1,2,3,4,1))),$);
#6999=IFCCARTESIANPOINTLIST2D(((0.05000000074505806,0.05000000074505806),(0.27500001154839993,0.05000000074505806),(0.27500001154839993,0.84999997541308403),(0.05000000074505806,0.84999997541308403)));
#7000=IFCINDEXEDPOLYCURVE(#6999,(IFCLINEINDEX((1,2,3,4,1))),$);
#7001=IFCARBITRARYPROFILEDEFWITHVOIDS(.AREA.,$,#6998,(#7000));
#7002=IFCCARTESIANPOINT((0.,0.05000000074505806,0.));
#7003=IFCDIRECTION((0.,-1.,0.));
#7004=IFCDIRECTION((1.,0.,0.));
#7005=IFCAXIS2PLACEMENT3D(#7002,#7003,#7004);
#7006=IFCDIRECTION((0.,0.,-1.));
#7007=IFCEXTRUDEDAREASOLID(#7001,#7005,#7006,0.040000000968575478);
#7008=IFCCARTESIANPOINTLIST2D(((0.,0.),(0.27500001154839993,0.),(0.27500001154839993,0.84999997541308403),(0.,0.84999997541308403)));
#7009=IFCINDEXEDPOLYCURVE(#7008,(IFCLINEINDEX((1,2,3,4,1))),$);
#7010=IFCCARTESIANPOINTLIST2D(((0.035000000149011612,0.035000000149011612),(0.24000001139938831,0.035000000149011612),(0.24000001139938831,0.81499997526407242),(0.035000000149011612,0.81499997526407242)));
#7011=IFCINDEXEDPOLYCURVE(#7010,(IFCLINEINDEX((1,2,3,4,1))),$);
#7012=IFCARBITRARYPROFILEDEFWITHVOIDS(.AREA.,$,#7009,(#7011));
#7013=IFCCARTESIANPOINT((0.02500000037252903,0.090000001713633537,0.02500000037252903));
#7014=IFCDIRECTION((0.,-1.,0.));
#7015=IFCDIRECTION((1.,0.,0.));
#7016=IFCAXIS2PLACEMENT3D(#7013,#7014,#7015);
#7017=IFCDIRECTION((0.,0.,-1.));
#7018=IFCEXTRUDEDAREASOLID(#7012,#7016,#7017,0.035000000149011612);
#7019=IFCINDEXEDPOLYCURVE(#7020,(IFCLINEINDEX((1,2,3,4,1))),$);
#7020=IFCCARTESIANPOINTLIST2D(((0.035000000149011612,0.035000000149011612),(0.24000001139938831,0.035000000149011612),(0.24000001139938831,0.81499997526407242),(0.035000000149011612,0.81499997526407242)));
#7021=IFCARBITRARYCLOSEDPROFILEDEF(.AREA.,$,#7019);
#7022=IFCCARTESIANPOINT((0.02500000037252903,0.10250000178813934,0.02500000037252903));
#7023=IFCDIRECTION((0.,-1.,0.));
#7024=IFCDIRECTION((1.,0.,0.));
#7025=IFCAXIS2PLACEMENT3D(#7022,#7023,#7024);
#7026=IFCDIRECTION((0.,0.,-1.));
#7027=IFCEXTRUDEDAREASOLID(#7021,#7025,#7026,0.01);
#7028=IFCCARTESIANPOINTLIST2D(((0.,0.89999997615814209),(0.71897250413894653,0.89999997615814209),(0.71897250413894653,0.),(0.,0.),(0.,0.02500000037252903),(0.6939725037664175,0.02500000037252903),(0.6939725037664175,0.87499997578561306),(0.,0.87499997578561306)));
#7029=IFCINDEXEDPOLYCURVE(#7028,(IFCLINEINDEX((1,2,3,4,5,6,7,8,1))),$);
#7030=IFCARBITRARYCLOSEDPROFILEDEF(.AREA.,$,#7029);
#7031=IFCCARTESIANPOINT((0.30000001192092896,0.090000001713633537,0.));
#7032=IFCDIRECTION((0.,-1.,0.));
#7033=IFCDIRECTION((1.,0.,0.));
#7034=IFCAXIS2PLACEMENT3D(#7031,#7032,#7033);
#7035=IFCDIRECTION((0.,0.,-1.));
#7036=IFCEXTRUDEDAREASOLID(#7030,#7034,#7035,0.0099999997764825821);
#7037=IFCCARTESIANPOINTLIST2D(((0.,0.),(0.71897250413894653,0.),(0.71897250413894653,0.89999997615814209),(0.,0.89999997615814209)));
#7038=IFCINDEXEDPOLYCURVE(#7037,(IFCLINEINDEX((1,2,3,4,1))),$);
#7039=IFCCARTESIANPOINTLIST2D(((0.02500000037252903,0.05000000074505806),(0.66897250339388847,0.05000000074505806),(0.66897250339388847,0.84999997541308403),(0.02500000037252903,0.84999997541308403)));
#7040=IFCINDEXEDPOLYCURVE(#7039,(IFCLINEINDEX((1,2,3,4,1))),$);
#7041=IFCARBITRARYPROFILEDEFWITHVOIDS(.AREA.,$,#7038,(#7040));
#7042=IFCCARTESIANPOINT((0.30000001192092896,0.05000000074505806,0.));
#7043=IFCDIRECTION((0.,-1.,0.));
#7044=IFCDIRECTION((1.,0.,0.));
#7045=IFCAXIS2PLACEMENT3D(#7042,#7043,#7044);
#7046=IFCDIRECTION((0.,0.,-1.));
#7047=IFCEXTRUDEDAREASOLID(#7041,#7045,#7046,0.040000000968575478);
#7048=IFCCARTESIANPOINTLIST2D(((0.,0.),(0.6939725037664175,0.),(0.6939725037664175,0.84999997541308403),(0.,0.84999997541308403)));
#7049=IFCINDEXEDPOLYCURVE(#7048,(IFCLINEINDEX((1,2,3,4,1))),$);
#7050=IFCCARTESIANPOINTLIST2D(((0.035000000149011612,0.035000000149011612),(0.65897250361740589,0.035000000149011612),(0.65897250361740589,0.81499997526407242),(0.035000000149011612,0.81499997526407242)));
#7051=IFCINDEXEDPOLYCURVE(#7050,(IFCLINEINDEX((1,2,3,4,1))),$);
#7052=IFCARBITRARYPROFILEDEFWITHVOIDS(.AREA.,$,#7049,(#7051));
#7053=IFCCARTESIANPOINT((0.30000001192092896,0.090000001713633537,0.02500000037252903));
#7054=IFCDIRECTION((0.,-1.,0.));
#7055=IFCDIRECTION((1.,0.,0.));
#7056=IFCAXIS2PLACEMENT3D(#7053,#7054,#7055);
#7057=IFCDIRECTION((0.,0.,-1.));
#7058=IFCEXTRUDEDAREASOLID(#7052,#7056,#7057,0.035000000149011612);
#7059=IFCINDEXEDPOLYCURVE(#7060,(IFCLINEINDEX((1,2,3,4,1))),$);
#7060=IFCCARTESIANPOINTLIST2D(((0.035000000149011612,0.035000000149011612),(0.65897250361740589,0.035000000149011612),(0.65897250361740589,0.81499997526407242),(0.035000000149011612,0.81499997526407242)));
#7061=IFCARBITRARYCLOSEDPROFILEDEF(.AREA.,$,#7059);
#7062=IFCCARTESIANPOINT((0.30000001192092896,0.10250000178813934,0.02500000037252903));
#7063=IFCDIRECTION((0.,-1.,0.));
#7064=IFCDIRECTION((1.,0.,0.));
#7065=IFCAXIS2PLACEMENT3D(#7062,#7063,#7064);
#7066=IFCDIRECTION((0.,0.,-1.));
#7067=IFCEXTRUDEDAREASOLID(#7061,#7065,#7066,0.01);
#7130=IFCCARTESIANPOINTLIST2D(((0.30000001192092896,0.),(0.,0.),(0.,0.89999997615814209),(0.30000001192092896,0.89999997615814209),(0.30000001192092896,0.87499997578561306),(0.02500000037252903,0.87499997578561306),(0.02500000037252903,0.02500000037252903),(0.30000001192092896,0.02500000037252903)));
#7131=IFCINDEXEDPOLYCURVE(#7130,(IFCLINEINDEX((1,2,3,4,5,6,7,8,1))),$);
#7132=IFCARBITRARYCLOSEDPROFILEDEF(.AREA.,$,#7131);
#7133=IFCCARTESIANPOINT((0.,0.090000001713633537,0.));
#7134=IFCDIRECTION((0.,-1.,0.));
#7135=IFCDIRECTION((1.,0.,0.));
#7136=IFCAXIS2PLACEMENT3D(#7133,#7134,#7135);
#7137=IFCDIRECTION((0.,0.,-1.));
#7138=IFCEXTRUDEDAREASOLID(#7132,#7136,#7137,0.0099999997764825821);
#7139=IFCCARTESIANPOINTLIST2D(((0.,0.),(0.30000001192092896,0.),(0.30000001192092896,0.89999997615814209),(0.,0.89999997615814209)));
#7140=IFCINDEXEDPOLYCURVE(#7139,(IFCLINEINDEX((1,2,3,4,1))),$);
#7141=IFCCARTESIANPOINTLIST2D(((0.05000000074505806,0.05000000074505806),(0.27500001154839993,0.05000000074505806),(0.27500001154839993,0.84999997541308403),(0.05000000074505806,0.84999997541308403)));
#7142=IFCINDEXEDPOLYCURVE(#7141,(IFCLINEINDEX((1,2,3,4,1))),$);
#7143=IFCARBITRARYPROFILEDEFWITHVOIDS(.AREA.,$,#7140,(#7142));
#7144=IFCCARTESIANPOINT((0.,0.05000000074505806,0.));
#7145=IFCDIRECTION((0.,-1.,0.));
#7146=IFCDIRECTION((1.,0.,0.));
#7147=IFCAXIS2PLACEMENT3D(#7144,#7145,#7146);
#7148=IFCDIRECTION((0.,0.,-1.));
#7149=IFCEXTRUDEDAREASOLID(#7143,#7147,#7148,0.040000000968575478);
#7150=IFCCARTESIANPOINTLIST2D(((0.,0.),(0.27500001154839993,0.),(0.27500001154839993,0.84999997541308403),(0.,0.84999997541308403)));
#7151=IFCINDEXEDPOLYCURVE(#7150,(IFCLINEINDEX((1,2,3,4,1))),$);
#7152=IFCCARTESIANPOINTLIST2D(((0.035000000149011612,0.035000000149011612),(0.24000001139938831,0.035000000149011612),(0.24000001139938831,0.81499997526407242),(0.035000000149011612,0.81499997526407242)));
#7153=IFCINDEXEDPOLYCURVE(#7152,(IFCLINEINDEX((1,2,3,4,1))),$);
#7154=IFCARBITRARYPROFILEDEFWITHVOIDS(.AREA.,$,#7151,(#7153));
#7155=IFCCARTESIANPOINT((0.02500000037252903,0.090000001713633537,0.02500000037252903));
#7156=IFCDIRECTION((0.,-1.,0.));
#7157=IFCDIRECTION((1.,0.,0.));
#7158=IFCAXIS2PLACEMENT3D(#7155,#7156,#7157);
#7159=IFCDIRECTION((0.,0.,-1.));
#7160=IFCEXTRUDEDAREASOLID(#7154,#7158,#7159,0.035000000149011612);
#7161=IFCINDEXEDPOLYCURVE(#7162,(IFCLINEINDEX((1,2,3,4,1))),$);
#7162=IFCCARTESIANPOINTLIST2D(((0.035000000149011612,0.035000000149011612),(0.24000001139938831,0.035000000149011612),(0.24000001139938831,0.81499997526407242),(0.035000000149011612,0.81499997526407242)));
#7163=IFCARBITRARYCLOSEDPROFILEDEF(.AREA.,$,#7161);
#7164=IFCCARTESIANPOINT((0.02500000037252903,0.10250000178813934,0.02500000037252903));
#7165=IFCDIRECTION((0.,-1.,0.));
#7166=IFCDIRECTION((1.,0.,0.));
#7167=IFCAXIS2PLACEMENT3D(#7164,#7165,#7166);
#7168=IFCDIRECTION((0.,0.,-1.));
#7169=IFCEXTRUDEDAREASOLID(#7163,#7167,#7168,0.01);
#7170=IFCCARTESIANPOINTLIST2D(((0.,0.89999997615814209),(0.71897250413894653,0.89999997615814209),(0.71897250413894653,0.),(0.,0.),(0.,0.02500000037252903),(0.6939725037664175,0.02500000037252903),(0.6939725037664175,0.87499997578561306),(0.,0.87499997578561306)));
#7171=IFCINDEXEDPOLYCURVE(#7170,(IFCLINEINDEX((1,2,3,4,5,6,7,8,1))),$);
#7172=IFCARBITRARYCLOSEDPROFILEDEF(.AREA.,$,#7171);
#7173=IFCCARTESIANPOINT((0.30000001192092896,0.090000001713633537,0.));
#7174=IFCDIRECTION((0.,-1.,0.));
#7175=IFCDIRECTION((1.,0.,0.));
#7176=IFCAXIS2PLACEMENT3D(#7173,#7174,#7175);
#7177=IFCDIRECTION((0.,0.,-1.));
#7178=IFCEXTRUDEDAREASOLID(#7172,#7176,#7177,0.0099999997764825821);
#7179=IFCCARTESIANPOINTLIST2D(((0.,0.),(0.71897250413894653,0.),(0.71897250413894653,0.89999997615814209),(0.,0.89999997615814209)));
#7180=IFCINDEXEDPOLYCURVE(#7179,(IFCLINEINDEX((1,2,3,4,1))),$);
#7181=IFCCARTESIANPOINTLIST2D(((0.02500000037252903,0.05000000074505806),(0.66897250339388847,0.05000000074505806),(0.66897250339388847,0.84999997541308403),(0.02500000037252903,0.84999997541308403)));
#7182=IFCINDEXEDPOLYCURVE(#7181,(IFCLINEINDEX((1,2,3,4,1))),$);
#7183=IFCARBITRARYPROFILEDEFWITHVOIDS(.AREA.,$,#7180,(#7182));
#7184=IFCCARTESIANPOINT((0.30000001192092896,0.05000000074505806,0.));
#7185=IFCDIRECTION((0.,-1.,0.));
#7186=IFCDIRECTION((1.,0.,0.));
#7187=IFCAXIS2PLACEMENT3D(#7184,#7185,#7186);
#7188=IFCDIRECTION((0.,0.,-1.));
#7189=IFCEXTRUDEDAREASOLID(#7183,#7187,#7188,0.040000000968575478);
#7190=IFCCARTESIANPOINTLIST2D(((0.,0.),(0.6939725037664175,0.),(0.6939725037664175,0.84999997541308403),(0.,0.84999997541308403)));
#7191=IFCINDEXEDPOLYCURVE(#7190,(IFCLINEINDEX((1,2,3,4,1))),$);
#7192=IFCCARTESIANPOINTLIST2D(((0.035000000149011612,0.035000000149011612),(0.65897250361740589,0.035000000149011612),(0.65897250361740589,0.81499997526407242),(0.035000000149011612,0.81499997526407242)));
#7193=IFCINDEXEDPOLYCURVE(#7192,(IFCLINEINDEX((1,2,3,4,1))),$);
#7194=IFCARBITRARYPROFILEDEFWITHVOIDS(.AREA.,$,#7191,(#7193));
#7195=IFCCARTESIANPOINT((0.30000001192092896,0.090000001713633537,0.02500000037252903));
#7196=IFCDIRECTION((0.,-1.,0.));
#7197=IFCDIRECTION((1.,0.,0.));
#7198=IFCAXIS2PLACEMENT3D(#7195,#7196,#7197);
#7199=IFCDIRECTION((0.,0.,-1.));
#7200=IFCEXTRUDEDAREASOLID(#7194,#7198,#7199,0.035000000149011612);
#7201=IFCINDEXEDPOLYCURVE(#7202,(IFCLINEINDEX((1,2,3,4,1))),$);
#7202=IFCCARTESIANPOINTLIST2D(((0.035000000149011612,0.035000000149011612),(0.65897250361740589,0.035000000149011612),(0.65897250361740589,0.81499997526407242),(0.035000000149011612,0.81499997526407242)));
#7203=IFCARBITRARYCLOSEDPROFILEDEF(.AREA.,$,#7201);
#7204=IFCCARTESIANPOINT((0.30000001192092896,0.10250000178813934,0.02500000037252903));
#7205=IFCDIRECTION((0.,-1.,0.));
#7206=IFCDIRECTION((1.,0.,0.));
#7207=IFCAXIS2PLACEMENT3D(#7204,#7205,#7206);
#7208=IFCDIRECTION((0.,0.,-1.));
#7209=IFCEXTRUDEDAREASOLID(#7203,#7207,#7208,0.01);
#7269=IFCCARTESIANPOINTLIST3D(((0.,0.,0.),(1.0189725160598755,0.,0.),(1.0189725160598755,0.,0.89999997615814209),(0.,0.,0.89999997615814209)));
#7270=IFCINDEXEDPOLYCURVE(#7269,(IFCLINEINDEX((1,2,3,4,1))),$);
#7271=IFCSHAPEREPRESENTATION(#18,'Profile','Curve3D',(#7270));
#7272=IFCCARTESIANPOINTLIST2D(((0.30000001192092896,0.),(0.,0.),(0.,0.89999997615814209),(0.30000001192092896,0.89999997615814209),(0.30000001192092896,0.87499997578561306),(0.02500000037252903,0.87499997578561306),(0.02500000037252903,0.02500000037252903),(0.30000001192092896,0.02500000037252903)));
#7273=IFCINDEXEDPOLYCURVE(#7272,(IFCLINEINDEX((1,2,3,4,5,6,7,8,1))),$);
#7274=IFCARBITRARYCLOSEDPROFILEDEF(.AREA.,$,#7273);
#7275=IFCCARTESIANPOINT((0.,0.090000001713633537,0.));
#7276=IFCDIRECTION((0.,-1.,0.));
#7277=IFCDIRECTION((1.,0.,0.));
#7278=IFCAXIS2PLACEMENT3D(#7275,#7276,#7277);
#7279=IFCDIRECTION((0.,0.,-1.));
#7280=IFCEXTRUDEDAREASOLID(#7274,#7278,#7279,0.0099999997764825821);
#7281=IFCCARTESIANPOINTLIST2D(((0.,0.),(0.30000001192092896,0.),(0.30000001192092896,0.89999997615814209),(0.,0.89999997615814209)));
#7282=IFCINDEXEDPOLYCURVE(#7281,(IFCLINEINDEX((1,2,3,4,1))),$);
#7283=IFCCARTESIANPOINTLIST2D(((0.05000000074505806,0.05000000074505806),(0.27500001154839993,0.05000000074505806),(0.27500001154839993,0.84999997541308403),(0.05000000074505806,0.84999997541308403)));
#7284=IFCINDEXEDPOLYCURVE(#7283,(IFCLINEINDEX((1,2,3,4,1))),$);
#7285=IFCARBITRARYPROFILEDEFWITHVOIDS(.AREA.,$,#7282,(#7284));
#7286=IFCCARTESIANPOINT((0.,0.05000000074505806,0.));
#7287=IFCDIRECTION((0.,-1.,0.));
#7288=IFCDIRECTION((1.,0.,0.));
#7289=IFCAXIS2PLACEMENT3D(#7286,#7287,#7288);
#7290=IFCDIRECTION((0.,0.,-1.));
#7291=IFCEXTRUDEDAREASOLID(#7285,#7289,#7290,0.040000000968575478);
#7292=IFCCARTESIANPOINTLIST2D(((0.,0.),(0.27500001154839993,0.),(0.27500001154839993,0.84999997541308403),(0.,0.84999997541308403)));
#7293=IFCINDEXEDPOLYCURVE(#7292,(IFCLINEINDEX((1,2,3,4,1))),$);
#7294=IFCCARTESIANPOINTLIST2D(((0.035000000149011612,0.035000000149011612),(0.24000001139938831,0.035000000149011612),(0.24000001139938831,0.81499997526407242),(0.035000000149011612,0.81499997526407242)));
#7295=IFCINDEXEDPOLYCURVE(#7294,(IFCLINEINDEX((1,2,3,4,1))),$);
#7296=IFCARBITRARYPROFILEDEFWITHVOIDS(.AREA.,$,#7293,(#7295));
#7297=IFCCARTESIANPOINT((0.02500000037252903,0.090000001713633537,0.02500000037252903));
#7298=IFCDIRECTION((0.,-1.,0.));
#7299=IFCDIRECTION((1.,0.,0.));
#7300=IFCAXIS2PLACEMENT3D(#7297,#7298,#7299);
#7301=IFCDIRECTION((0.,0.,-1.));
#7302=IFCEXTRUDEDAREASOLID(#7296,#7300,#7301,0.035000000149011612);
#7303=IFCINDEXEDPOLYCURVE(#7304,(IFCLINEINDEX((1,2,3,4,1))),$);
#7304=IFCCARTESIANPOINTLIST2D(((0.035000000149011612,0.035000000149011612),(0.24000001139938831,0.035000000149011612),(0.24000001139938831,0.81499997526407242),(0.035000000149011612,0.81499997526407242)));
#7305=IFCARBITRARYCLOSEDPROFILEDEF(.AREA.,$,#7303);
#7306=IFCCARTESIANPOINT((0.02500000037252903,0.10250000178813934,0.02500000037252903));
#7307=IFCDIRECTION((0.,-1.,0.));
#7308=IFCDIRECTION((1.,0.,0.));
#7309=IFCAXIS2PLACEMENT3D(#7306,#7307,#7308);
#7310=IFCDIRECTION((0.,0.,-1.));
#7311=IFCEXTRUDEDAREASOLID(#7305,#7309,#7310,0.01);
#7312=IFCCARTESIANPOINTLIST2D(((0.,0.89999997615814209),(0.71897250413894653,0.89999997615814209),(0.71897250413894653,0.),(0.,0.),(0.,0.02500000037252903),(0.6939725037664175,0.02500000037252903),(0.6939725037664175,0.87499997578561306),(0.,0.87499997578561306)));
#7313=IFCINDEXEDPOLYCURVE(#7312,(IFCLINEINDEX((1,2,3,4,5,6,7,8,1))),$);
#7314=IFCARBITRARYCLOSEDPROFILEDEF(.AREA.,$,#7313);
#7315=IFCCARTESIANPOINT((0.30000001192092896,0.090000001713633537,0.));
#7316=IFCDIRECTION((0.,-1.,0.));
#7317=IFCDIRECTION((1.,0.,0.));
#7318=IFCAXIS2PLACEMENT3D(#7315,#7316,#7317);
#7319=IFCDIRECTION((0.,0.,-1.));
#7320=IFCEXTRUDEDAREASOLID(#7314,#7318,#7319,0.0099999997764825821);
#7321=IFCCARTESIANPOINTLIST2D(((0.,0.),(0.71897250413894653,0.),(0.71897250413894653,0.89999997615814209),(0.,0.89999997615814209)));
#7322=IFCINDEXEDPOLYCURVE(#7321,(IFCLINEINDEX((1,2,3,4,1))),$);
#7323=IFCCARTESIANPOINTLIST2D(((0.02500000037252903,0.05000000074505806),(0.66897250339388847,0.05000000074505806),(0.66897250339388847,0.84999997541308403),(0.02500000037252903,0.84999997541308403)));
#7324=IFCINDEXEDPOLYCURVE(#7323,(IFCLINEINDEX((1,2,3,4,1))),$);
#7325=IFCARBITRARYPROFILEDEFWITHVOIDS(.AREA.,$,#7322,(#7324));
#7326=IFCCARTESIANPOINT((0.30000001192092896,0.05000000074505806,0.));
#7327=IFCDIRECTION((0.,-1.,0.));
#7328=IFCDIRECTION((1.,0.,0.));
#7329=IFCAXIS2PLACEMENT3D(#7326,#7327,#7328);
#7330=IFCDIRECTION((0.,0.,-1.));
#7331=IFCEXTRUDEDAREASOLID(#7325,#7329,#7330,0.040000000968575478);
#7332=IFCCARTESIANPOINTLIST2D(((0.,0.),(0.6939725037664175,0.),(0.6939725037664175,0.84999997541308403),(0.,0.84999997541308403)));
#7333=IFCINDEXEDPOLYCURVE(#7332,(IFCLINEINDEX((1,2,3,4,1))),$);
#7334=IFCCARTESIANPOINTLIST2D(((0.035000000149011612,0.035000000149011612),(0.65897250361740589,0.035000000149011612),(0.65897250361740589,0.81499997526407242),(0.035000000149011612,0.81499997526407242)));
#7335=IFCINDEXEDPOLYCURVE(#7334,(IFCLINEINDEX((1,2,3,4,1))),$);
#7336=IFCARBITRARYPROFILEDEFWITHVOIDS(.AREA.,$,#7333,(#7335));
#7337=IFCCARTESIANPOINT((0.30000001192092896,0.090000001713633537,0.02500000037252903));
#7338=IFCDIRECTION((0.,-1.,0.));
#7339=IFCDIRECTION((1.,0.,0.));
#7340=IFCAXIS2PLACEMENT3D(#7337,#7338,#7339);
#7341=IFCDIRECTION((0.,0.,-1.));
#7342=IFCEXTRUDEDAREASOLID(#7336,#7340,#7341,0.035000000149011612);
#7343=IFCINDEXEDPOLYCURVE(#7344,(IFCLINEINDEX((1,2,3,4,1))),$);
#7344=IFCCARTESIANPOINTLIST2D(((0.035000000149011612,0.035000000149011612),(0.65897250361740589,0.035000000149011612),(0.65897250361740589,0.81499997526407242),(0.035000000149011612,0.81499997526407242)));
#7345=IFCARBITRARYCLOSEDPROFILEDEF(.AREA.,$,#7343);
#7346=IFCCARTESIANPOINT((0.30000001192092896,0.10250000178813934,0.02500000037252903));
#7347=IFCDIRECTION((0.,-1.,0.));
#7348=IFCDIRECTION((1.,0.,0.));
#7349=IFCAXIS2PLACEMENT3D(#7346,#7347,#7348);
#7350=IFCDIRECTION((0.,0.,-1.));
#7351=IFCEXTRUDEDAREASOLID(#7345,#7349,#7350,0.01);
#7352=IFCSHAPEREPRESENTATION(#11,'Body','SweptSolid',(#7280,#7291,#7302,#7311,#7320,#7331,#7342,#7351));
#7353=IFCCARTESIANPOINTLIST2D(((0.05000000074505806,0.05000000074505806),(0.27500001154839993,0.05000000074505806)));
#7354=IFCINDEXEDPOLYCURVE(#7353,$,$);
#7355=IFCCARTESIANPOINTLIST2D(((0.,0.10000000149011612),(0.02500000037252903,0.10000000149011612),(0.02500000037252903,0.090000001713633537),(0.05000000074505806,0.090000001713633537),(0.05000000074505806,0.05000000074505806),(0.,0.05000000074505806)));
#7356=IFCINDEXEDPOLYCURVE(#7355,(IFCLINEINDEX((1,2,3,4,5,6,1))),$);
#7357=IFCCARTESIANPOINTLIST2D(((0.30000001192092896,0.10000000149011612),(0.30000001192092896,0.10000000149011612),(0.30000001192092896,0.090000001713633537),(0.27500001154839993,0.090000001713633537),(0.27500001154839993,0.05000000074505806),(0.30000001192092896,0.05000000074505806)));
#7358=IFCINDEXEDPOLYCURVE(#7357,$,$);
#7359=IFCCARTESIANPOINTLIST2D(((0.02500000037252903,0.090000001713633537),(0.060000000521540642,0.090000001713633537),(0.060000000521540642,0.12500000186264515),(0.02500000037252903,0.12500000186264515)));
#7360=IFCINDEXEDPOLYCURVE(#7359,(IFCLINEINDEX((1,2,3,4,1))),$);
#7361=IFCINDEXEDPOLYCURVE(#7362,(IFCLINEINDEX((1,2,3,4,1))),$);
#7362=IFCCARTESIANPOINTLIST2D(((0.30000001192092896,0.090000001713633537),(0.26500001177191734,0.090000001713633537),(0.26500001177191734,0.12500000186264515),(0.30000001192092896,0.12500000186264515)));
#7363=IFCCARTESIANPOINTLIST2D(((0.060000000521540642,0.090000001713633537),(0.26500001177191734,0.090000001713633537)));
#7364=IFCINDEXEDPOLYCURVE(#7363,$,$);
#7365=IFCINDEXEDPOLYCURVE(#7366,$,$);
#7366=IFCCARTESIANPOINTLIST2D(((0.060000000521540642,0.12500000186264515),(0.26500001177191734,0.12500000186264515)));
#7367=IFCINDEXEDPOLYCURVE(#7368,$,$);
#7368=IFCCARTESIANPOINTLIST2D(((0.060000000521540642,0.10750000178813934),(0.26500001177191734,0.10750000178813934)));
#7369=IFCCARTESIANPOINTLIST2D(((0.32500001229345798,0.05000000074505806),(0.96897251531481743,0.05000000074505806)));
#7370=IFCINDEXEDPOLYCURVE(#7369,$,$);
#7371=IFCCARTESIANPOINTLIST2D(((0.30000001192092896,0.10000000149011612),(0.30000001192092896,0.10000000149011612),(0.30000001192092896,0.090000001713633537),(0.32500001229345798,0.090000001713633537),(0.32500001229345798,0.05000000074505806),(0.30000001192092896,0.05000000074505806)));
#7372=IFCINDEXEDPOLYCURVE(#7371,$,$);
#7373=IFCCARTESIANPOINTLIST2D(((1.0189725160598755,0.10000000149011612),(0.99397251568734646,0.10000000149011612),(0.99397251568734646,0.090000001713633537),(0.96897251531481743,0.090000001713633537),(0.96897251531481743,0.05000000074505806),(1.0189725160598755,0.05000000074505806)));
#7374=IFCINDEXEDPOLYCURVE(#7373,(IFCLINEINDEX((1,2,3,4,5,6,1))),$);
#7375=IFCCARTESIANPOINTLIST2D(((0.30000001192092896,0.090000001713633537),(0.33500001206994057,0.090000001713633537),(0.33500001206994057,0.12500000186264515),(0.30000001192092896,0.12500000186264515)));
#7376=IFCINDEXEDPOLYCURVE(#7375,(IFCLINEINDEX((1,2,3,4,1))),$);
#7377=IFCINDEXEDPOLYCURVE(#7378,(IFCLINEINDEX((1,2,3,4,1))),$);
#7378=IFCCARTESIANPOINTLIST2D(((0.99397251568734646,0.090000001713633537),(0.95897251553833485,0.090000001713633537),(0.95897251553833485,0.12500000186264515),(0.99397251568734646,0.12500000186264515)));
#7379=IFCCARTESIANPOINTLIST2D(((0.33500001206994057,0.090000001713633537),(0.95897251553833485,0.090000001713633537)));
#7380=IFCINDEXEDPOLYCURVE(#7379,$,$);
#7381=IFCINDEXEDPOLYCURVE(#7382,$,$);
#7382=IFCCARTESIANPOINTLIST2D(((0.33500001206994057,0.12500000186264515),(0.95897251553833485,0.12500000186264515)));
#7383=IFCINDEXEDPOLYCURVE(#7384,$,$);
#7384=IFCCARTESIANPOINTLIST2D(((0.33500001206994057,0.10750000178813934),(0.95897251553833485,0.10750000178813934)));
#7385=IFCSHAPEREPRESENTATION(#24,'Body','Curve2D',(#7354,#7356,#7358,#7360,#7361,#7364,#7365,#7367,#7370,#7372,#7374,#7376,#7377,#7380,#7381,#7383));
#7386=IFCCARTESIANPOINTLIST2D(((0.,0.),(1.0189725160598755,0.),(1.0189725160598755,0.89999997615814209),(0.,0.89999997615814209)));
#7387=IFCINDEXEDPOLYCURVE(#7386,(IFCLINEINDEX((1,2,3,4,1))),$);
#7388=IFCARBITRARYCLOSEDPROFILEDEF(.AREA.,$,#7387);
#7389=IFCCARTESIANPOINT((0.,-0.60000002384185791,0.));
#7390=IFCDIRECTION((0.,-1.,0.));
#7391=IFCDIRECTION((1.,0.,0.));
#7392=IFCAXIS2PLACEMENT3D(#7389,#7390,#7391);
#7393=IFCDIRECTION((0.,0.,-1.));
#7394=IFCEXTRUDEDAREASOLID(#7388,#7392,#7393,1.2);
#7395=IFCSHAPEREPRESENTATION(#11,'Body','SweptSolid',(#7394));
#7401=IFCCARTESIANPOINT((1.2356489547162255,9.2387199401855469E-07,1.));
#7402=IFCDIRECTION((0.,0.,1.));
#7403=IFCDIRECTION((0.99999999999988631,-4.7683715820307079E-07,0.));
#7404=IFCAXIS2PLACEMENT3D(#7401,#7402,#7403);
#7405=IFCLOCALPLACEMENT(#1100,#7404);
#7406=IFCCARTESIANPOINT((-2.2204460492503131E-16,0.,0.));
#7407=IFCDIRECTION((0.,0.,1.));
#7408=IFCDIRECTION((1.,0.,0.));
#7409=IFCAXIS2PLACEMENT3D(#7406,#7407,#7408);
#7410=IFCLOCALPLACEMENT(#7405,#7409);
#7416=IFCWINDOWTYPE('3QVpyOp2rC4hQmdeeNUOSb',$,'wendgi2',$,$,(#7417),(#7419,#7427,#7513),$,$,.WINDOW.,.SINGLE_PANEL.,$,$);
#7417=IFCPROPERTYSET('3vnpGQO2T5Sh1Z01FPSx7k',$,'BBIM_Window',$,(#7418));
#7418=IFCPROPERTYSINGLEVALUE('Data',$,IFCTEXT('{"window_type": "DOUBLE_PANEL_VERTICAL", "overall_height": 0.8999999761581421, "overall_width": 1.0189725160598755, "lining_properties": {"lining_depth": 0.05000000074505806, "lining_thickness": 0.05000000074505806, "lining_offset": 0.05000000074505806, "lining_to_panel_offset_x": 0.02500000037252903, "lining_to_panel_offset_y": 0.02500000037252903, "mullion_thickness": 0.05000000074505806, "first_mullion_offset": 0.30000001192092896}, "panel_properties": {"frame_depth": [0.03500000014901161, 0.03500000014901161, 0.03500000014901161], "frame_thickness": [0.03500000014901161, 0.03500000014901161, 0.03500000014901161]}}'),$);
#7419=IFCREPRESENTATIONMAP(#7420,#7424);
#7420=IFCAXIS2PLACEMENT3D(#7421,#7422,#7423);
#7421=IFCCARTESIANPOINT((0.,0.,0.));
#7422=IFCDIRECTION((0.,0.,1.));
#7423=IFCDIRECTION((1.,0.,0.));
#7424=IFCSHAPEREPRESENTATION(#18,'Profile','Curve3D',(#7425));
#7425=IFCINDEXEDPOLYCURVE(#7426,(IFCLINEINDEX((1,2,3,4,1))),$);
#7426=IFCCARTESIANPOINTLIST3D(((0.,0.,0.),(1.0189725160598755,0.,0.),(1.0189725160598755,0.,0.89999997615814209),(0.,0.,0.89999997615814209)));
#7427=IFCREPRESENTATIONMAP(#7428,#7432);
#7428=IFCAXIS2PLACEMENT3D(#7429,#7430,#7431);
#7429=IFCCARTESIANPOINT((0.,0.,0.));
#7430=IFCDIRECTION((0.,0.,1.));
#7431=IFCDIRECTION((1.,0.,0.));
#7432=IFCSHAPEREPRESENTATION(#11,'Body','SweptSolid',(#7433,#7442,#7453,#7464,#7473,#7482,#7493,#7504));
#7433=IFCEXTRUDEDAREASOLID(#7434,#7437,#7441,0.0099999997764825821);
#7434=IFCARBITRARYCLOSEDPROFILEDEF(.AREA.,$,#7435);
#7435=IFCINDEXEDPOLYCURVE(#7436,(IFCLINEINDEX((1,2,3,4,5,6,7,8,1))),$);
#7436=IFCCARTESIANPOINTLIST2D(((0.30000001192092896,0.),(0.,0.),(0.,0.89999997615814209),(0.30000001192092896,0.89999997615814209),(0.30000001192092896,0.87499997578561306),(0.02500000037252903,0.87499997578561306),(0.02500000037252903,0.02500000037252903),(0.30000001192092896,0.02500000037252903)));
#7437=IFCAXIS2PLACEMENT3D(#7438,#7439,#7440);
#7438=IFCCARTESIANPOINT((0.,0.090000001713633537,0.));
#7439=IFCDIRECTION((0.,-1.,0.));
#7440=IFCDIRECTION((1.,0.,0.));
#7441=IFCDIRECTION((0.,0.,-1.));
#7442=IFCEXTRUDEDAREASOLID(#7443,#7448,#7452,0.040000000968575478);
#7443=IFCARBITRARYPROFILEDEFWITHVOIDS(.AREA.,$,#7444,(#7446));
#7444=IFCINDEXEDPOLYCURVE(#7445,(IFCLINEINDEX((1,2,3,4,1))),$);
#7445=IFCCARTESIANPOINTLIST2D(((0.,0.),(0.30000001192092896,0.),(0.30000001192092896,0.89999997615814209),(0.,0.89999997615814209)));
#7446=IFCINDEXEDPOLYCURVE(#7447,(IFCLINEINDEX((1,2,3,4,1))),$);
#7447=IFCCARTESIANPOINTLIST2D(((0.05000000074505806,0.05000000074505806),(0.27500001154839993,0.05000000074505806),(0.27500001154839993,0.84999997541308403),(0.05000000074505806,0.84999997541308403)));
#7448=IFCAXIS2PLACEMENT3D(#7449,#7450,#7451);
#7449=IFCCARTESIANPOINT((0.,0.05000000074505806,0.));
#7450=IFCDIRECTION((0.,-1.,0.));
#7451=IFCDIRECTION((1.,0.,0.));
#7452=IFCDIRECTION((0.,0.,-1.));
#7453=IFCEXTRUDEDAREASOLID(#7454,#7459,#7463,0.035000000149011612);
#7454=IFCARBITRARYPROFILEDEFWITHVOIDS(.AREA.,$,#7455,(#7457));
#7455=IFCINDEXEDPOLYCURVE(#7456,(IFCLINEINDEX((1,2,3,4,1))),$);
#7456=IFCCARTESIANPOINTLIST2D(((0.,0.),(0.27500001154839993,0.),(0.27500001154839993,0.84999997541308403),(0.,0.84999997541308403)));
#7457=IFCINDEXEDPOLYCURVE(#7458,(IFCLINEINDEX((1,2,3,4,1))),$);
#7458=IFCCARTESIANPOINTLIST2D(((0.035000000149011612,0.035000000149011612),(0.24000001139938831,0.035000000149011612),(0.24000001139938831,0.81499997526407242),(0.035000000149011612,0.81499997526407242)));
#7459=IFCAXIS2PLACEMENT3D(#7460,#7461,#7462);
#7460=IFCCARTESIANPOINT((0.02500000037252903,0.090000001713633537,0.02500000037252903));
#7461=IFCDIRECTION((0.,-1.,0.));
#7462=IFCDIRECTION((1.,0.,0.));
#7463=IFCDIRECTION((0.,0.,-1.));
#7464=IFCEXTRUDEDAREASOLID(#7465,#7468,#7472,0.01);
#7465=IFCARBITRARYCLOSEDPROFILEDEF(.AREA.,$,#7466);
#7466=IFCINDEXEDPOLYCURVE(#7467,(IFCLINEINDEX((1,2,3,4,1))),$);
#7467=IFCCARTESIANPOINTLIST2D(((0.035000000149011612,0.035000000149011612),(0.24000001139938831,0.035000000149011612),(0.24000001139938831,0.81499997526407242),(0.035000000149011612,0.81499997526407242)));
#7468=IFCAXIS2PLACEMENT3D(#7469,#7470,#7471);
#7469=IFCCARTESIANPOINT((0.02500000037252903,0.10250000178813934,0.02500000037252903));
#7470=IFCDIRECTION((0.,-1.,0.));
#7471=IFCDIRECTION((1.,0.,0.));
#7472=IFCDIRECTION((0.,0.,-1.));
#7473=IFCEXTRUDEDAREASOLID(#7474,#7477,#7481,0.0099999997764825821);
#7474=IFCARBITRARYCLOSEDPROFILEDEF(.AREA.,$,#7475);
#7475=IFCINDEXEDPOLYCURVE(#7476,(IFCLINEINDEX((1,2,3,4,5,6,7,8,1))),$);
#7476=IFCCARTESIANPOINTLIST2D(((0.,0.89999997615814209),(0.71897250413894653,0.89999997615814209),(0.71897250413894653,0.),(0.,0.),(0.,0.02500000037252903),(0.6939725037664175,0.02500000037252903),(0.6939725037664175,0.87499997578561306),(0.,0.87499997578561306)));
#7477=IFCAXIS2PLACEMENT3D(#7478,#7479,#7480);
#7478=IFCCARTESIANPOINT((0.30000001192092896,0.090000001713633537,0.));
#7479=IFCDIRECTION((0.,-1.,0.));
#7480=IFCDIRECTION((1.,0.,0.));
#7481=IFCDIRECTION((0.,0.,-1.));
#7482=IFCEXTRUDEDAREASOLID(#7483,#7488,#7492,0.040000000968575478);
#7483=IFCARBITRARYPROFILEDEFWITHVOIDS(.AREA.,$,#7484,(#7486));
#7484=IFCINDEXEDPOLYCURVE(#7485,(IFCLINEINDEX((1,2,3,4,1))),$);
#7485=IFCCARTESIANPOINTLIST2D(((0.,0.),(0.71897250413894653,0.),(0.71897250413894653,0.89999997615814209),(0.,0.89999997615814209)));
#7486=IFCINDEXEDPOLYCURVE(#7487,(IFCLINEINDEX((1,2,3,4,1))),$);
#7487=IFCCARTESIANPOINTLIST2D(((0.02500000037252903,0.05000000074505806),(0.66897250339388847,0.05000000074505806),(0.66897250339388847,0.84999997541308403),(0.02500000037252903,0.84999997541308403)));
#7488=IFCAXIS2PLACEMENT3D(#7489,#7490,#7491);
#7489=IFCCARTESIANPOINT((0.30000001192092896,0.05000000074505806,0.));
#7490=IFCDIRECTION((0.,-1.,0.));
#7491=IFCDIRECTION((1.,0.,0.));
#7492=IFCDIRECTION((0.,0.,-1.));
#7493=IFCEXTRUDEDAREASOLID(#7494,#7499,#7503,0.035000000149011612);
#7494=IFCARBITRARYPROFILEDEFWITHVOIDS(.AREA.,$,#7495,(#7497));
#7495=IFCINDEXEDPOLYCURVE(#7496,(IFCLINEINDEX((1,2,3,4,1))),$);
#7496=IFCCARTESIANPOINTLIST2D(((0.,0.),(0.6939725037664175,0.),(0.6939725037664175,0.84999997541308403),(0.,0.84999997541308403)));
#7497=IFCINDEXEDPOLYCURVE(#7498,(IFCLINEINDEX((1,2,3,4,1))),$);
#7498=IFCCARTESIANPOINTLIST2D(((0.035000000149011612,0.035000000149011612),(0.65897250361740589,0.035000000149011612),(0.65897250361740589,0.81499997526407242),(0.035000000149011612,0.81499997526407242)));
#7499=IFCAXIS2PLACEMENT3D(#7500,#7501,#7502);
#7500=IFCCARTESIANPOINT((0.30000001192092896,0.090000001713633537,0.02500000037252903));
#7501=IFCDIRECTION((0.,-1.,0.));
#7502=IFCDIRECTION((1.,0.,0.));
#7503=IFCDIRECTION((0.,0.,-1.));
#7504=IFCEXTRUDEDAREASOLID(#7505,#7508,#7512,0.01);
#7505=IFCARBITRARYCLOSEDPROFILEDEF(.AREA.,$,#7506);
#7506=IFCINDEXEDPOLYCURVE(#7507,(IFCLINEINDEX((1,2,3,4,1))),$);
#7507=IFCCARTESIANPOINTLIST2D(((0.035000000149011612,0.035000000149011612),(0.65897250361740589,0.035000000149011612),(0.65897250361740589,0.81499997526407242),(0.035000000149011612,0.81499997526407242)));
#7508=IFCAXIS2PLACEMENT3D(#7509,#7510,#7511);
#7509=IFCCARTESIANPOINT((0.30000001192092896,0.10250000178813934,0.02500000037252903));
#7510=IFCDIRECTION((0.,-1.,0.));
#7511=IFCDIRECTION((1.,0.,0.));
#7512=IFCDIRECTION((0.,0.,-1.));
#7513=IFCREPRESENTATIONMAP(#7514,#7518);
#7514=IFCAXIS2PLACEMENT3D(#7515,#7516,#7517);
#7515=IFCCARTESIANPOINT((0.,0.,0.));
#7516=IFCDIRECTION((0.,0.,1.));
#7517=IFCDIRECTION((1.,0.,0.));
#7518=IFCSHAPEREPRESENTATION(#24,'Body','Curve2D',(#7519,#7521,#7523,#7525,#7527,#7529,#7531,#7533,#7535,#7537,#7539,#7541,#7543,#7545,#7547,#7549));
#7519=IFCINDEXEDPOLYCURVE(#7520,$,$);
#7520=IFCCARTESIANPOINTLIST2D(((0.05000000074505806,0.05000000074505806),(0.27500001154839993,0.05000000074505806)));
#7521=IFCINDEXEDPOLYCURVE(#7522,(IFCLINEINDEX((1,2,3,4,5,6,1))),$);
#7522=IFCCARTESIANPOINTLIST2D(((0.,0.10000000149011612),(0.02500000037252903,0.10000000149011612),(0.02500000037252903,0.090000001713633537),(0.05000000074505806,0.090000001713633537),(0.05000000074505806,0.05000000074505806),(0.,0.05000000074505806)));
#7523=IFCINDEXEDPOLYCURVE(#7524,$,$);
#7524=IFCCARTESIANPOINTLIST2D(((0.30000001192092896,0.10000000149011612),(0.30000001192092896,0.10000000149011612),(0.30000001192092896,0.090000001713633537),(0.27500001154839993,0.090000001713633537),(0.27500001154839993,0.05000000074505806),(0.30000001192092896,0.05000000074505806)));
#7525=IFCINDEXEDPOLYCURVE(#7526,(IFCLINEINDEX((1,2,3,4,1))),$);
#7526=IFCCARTESIANPOINTLIST2D(((0.02500000037252903,0.090000001713633537),(0.060000000521540642,0.090000001713633537),(0.060000000521540642,0.12500000186264515),(0.02500000037252903,0.12500000186264515)));
#7527=IFCINDEXEDPOLYCURVE(#7528,(IFCLINEINDEX((1,2,3,4,1))),$);
#7528=IFCCARTESIANPOINTLIST2D(((0.30000001192092896,0.090000001713633537),(0.26500001177191734,0.090000001713633537),(0.26500001177191734,0.12500000186264515),(0.30000001192092896,0.12500000186264515)));
#7529=IFCINDEXEDPOLYCURVE(#7530,$,$);
#7530=IFCCARTESIANPOINTLIST2D(((0.060000000521540642,0.090000001713633537),(0.26500001177191734,0.090000001713633537)));
#7531=IFCINDEXEDPOLYCURVE(#7532,$,$);
#7532=IFCCARTESIANPOINTLIST2D(((0.060000000521540642,0.12500000186264515),(0.26500001177191734,0.12500000186264515)));
#7533=IFCINDEXEDPOLYCURVE(#7534,$,$);
#7534=IFCCARTESIANPOINTLIST2D(((0.060000000521540642,0.10750000178813934),(0.26500001177191734,0.10750000178813934)));
#7535=IFCINDEXEDPOLYCURVE(#7536,$,$);
#7536=IFCCARTESIANPOINTLIST2D(((0.32500001229345798,0.05000000074505806),(0.96897251531481743,0.05000000074505806)));
#7537=IFCINDEXEDPOLYCURVE(#7538,$,$);
#7538=IFCCARTESIANPOINTLIST2D(((0.30000001192092896,0.10000000149011612),(0.30000001192092896,0.10000000149011612),(0.30000001192092896,0.090000001713633537),(0.32500001229345798,0.090000001713633537),(0.32500001229345798,0.05000000074505806),(0.30000001192092896,0.05000000074505806)));
#7539=IFCINDEXEDPOLYCURVE(#7540,(IFCLINEINDEX((1,2,3,4,5,6,1))),$);
#7540=IFCCARTESIANPOINTLIST2D(((1.0189725160598755,0.10000000149011612),(0.99397251568734646,0.10000000149011612),(0.99397251568734646,0.090000001713633537),(0.96897251531481743,0.090000001713633537),(0.96897251531481743,0.05000000074505806),(1.0189725160598755,0.05000000074505806)));
#7541=IFCINDEXEDPOLYCURVE(#7542,(IFCLINEINDEX((1,2,3,4,1))),$);
#7542=IFCCARTESIANPOINTLIST2D(((0.30000001192092896,0.090000001713633537),(0.33500001206994057,0.090000001713633537),(0.33500001206994057,0.12500000186264515),(0.30000001192092896,0.12500000186264515)));
#7543=IFCINDEXEDPOLYCURVE(#7544,(IFCLINEINDEX((1,2,3,4,1))),$);
#7544=IFCCARTESIANPOINTLIST2D(((0.99397251568734646,0.090000001713633537),(0.95897251553833485,0.090000001713633537),(0.95897251553833485,0.12500000186264515),(0.99397251568734646,0.12500000186264515)));
#7545=IFCINDEXEDPOLYCURVE(#7546,$,$);
#7546=IFCCARTESIANPOINTLIST2D(((0.33500001206994057,0.090000001713633537),(0.95897251553833485,0.090000001713633537)));
#7547=IFCINDEXEDPOLYCURVE(#7548,$,$);
#7548=IFCCARTESIANPOINTLIST2D(((0.33500001206994057,0.12500000186264515),(0.95897251553833485,0.12500000186264515)));
#7549=IFCINDEXEDPOLYCURVE(#7550,$,$);
#7550=IFCCARTESIANPOINTLIST2D(((0.33500001206994057,0.10750000178813934),(0.95897251553833485,0.10750000178813934)));
#7551=IFCWINDOWTYPE('1_nWoQ$4rD9fSdJSGSjPoD',$,'wen2gis',$,$,(#7552),(#7554,#7562,#7648),$,$,.WINDOW.,.SINGLE_PANEL.,$,$);
#7552=IFCPROPERTYSET('1ZnNMoY6H4zgw7DBaTS$s9',$,'BBIM_Window',$,(#7553));
#7553=IFCPROPERTYSINGLEVALUE('Data',$,IFCTEXT('{"window_type": "DOUBLE_PANEL_VERTICAL", "overall_height": 0.8999999761581421, "overall_width": 0.6873407363891602, "lining_properties": {"lining_depth": 0.05000000074505806, "lining_thickness": 0.05000000074505806, "lining_offset": 0.05000000074505806, "lining_to_panel_offset_x": 0.02500000037252903, "lining_to_panel_offset_y": 0.02500000037252903, "mullion_thickness": 0.05000000074505806, "first_mullion_offset": 0.30000001192092896}, "panel_properties": {"frame_depth": [0.03500000014901161, 0.03500000014901161, 0.03500000014901161], "frame_thickness": [0.03500000014901161, 0.03500000014901161, 0.03500000014901161]}}'),$);
#7554=IFCREPRESENTATIONMAP(#7555,#7753);
#7555=IFCAXIS2PLACEMENT3D(#7556,#7557,#7558);
#7556=IFCCARTESIANPOINT((0.,0.,0.));
#7557=IFCDIRECTION((0.,0.,1.));
#7558=IFCDIRECTION((1.,0.,0.));
#7562=IFCREPRESENTATIONMAP(#7563,#7834);
#7563=IFCAXIS2PLACEMENT3D(#7564,#7565,#7566);
#7564=IFCCARTESIANPOINT((0.,0.,0.));
#7565=IFCDIRECTION((0.,0.,1.));
#7566=IFCDIRECTION((1.,0.,0.));
#7648=IFCREPRESENTATIONMAP(#7649,#7873);
#7649=IFCAXIS2PLACEMENT3D(#7650,#7651,#7652);
#7650=IFCCARTESIANPOINT((0.,0.,0.));
#7651=IFCDIRECTION((0.,0.,1.));
#7652=IFCDIRECTION((1.,0.,0.));
#7686=IFCWINDOW('3m4_drZlX6ZPwVVAWTLnPp',$,'Window',$,$,#8713,#7695,$,0.89999997615814209,0.68734073638916016,$,.DOUBLE_PANEL_VERTICAL.,$);
#7687=IFCRELDEFINESBYTYPE('3ayy4Ia0fFKhBoRG681EOA',$,$,$,(#7686),#7551);
#7688=IFCCARTESIANPOINT((0.,0.,0.));
#7689=IFCDIRECTION((1.,0.,0.));
#7690=IFCDIRECTION((0.,1.,0.));
#7691=IFCDIRECTION((0.,0.,1.));
#7692=IFCCARTESIANTRANSFORMATIONOPERATOR3D(#7689,#7690,#7688,1.,#7691);
#7693=IFCMAPPEDITEM(#7554,#7692);
#7694=IFCSHAPEREPRESENTATION(#18,'Profile','MappedRepresentation',(#7693));
#7695=IFCPRODUCTDEFINITIONSHAPE($,$,(#7694,#7702,#7709));
#7696=IFCCARTESIANPOINT((0.,0.,0.));
#7697=IFCDIRECTION((1.,0.,0.));
#7698=IFCDIRECTION((0.,1.,0.));
#7699=IFCDIRECTION((0.,0.,1.));
#7700=IFCCARTESIANTRANSFORMATIONOPERATOR3D(#7697,#7698,#7696,1.,#7699);
#7701=IFCMAPPEDITEM(#7562,#7700);
#7702=IFCSHAPEREPRESENTATION(#11,'Body','MappedRepresentation',(#7701));
#7703=IFCCARTESIANPOINT((0.,0.,0.));
#7704=IFCDIRECTION((1.,0.,0.));
#7705=IFCDIRECTION((0.,1.,0.));
#7706=IFCDIRECTION((0.,0.,1.));
#7707=IFCCARTESIANTRANSFORMATIONOPERATOR3D(#7704,#7705,#7703,1.,#7706);
#7708=IFCMAPPEDITEM(#7648,#7707);
#7709=IFCSHAPEREPRESENTATION(#24,'Body','MappedRepresentation',(#7708));
#7710=IFCOPENINGELEMENT('3k4E7AmkbEORdQj9VtloSQ',$,'Opening',$,$,#7908,#7738,$,.OPENING.);
#7726=IFCCARTESIANPOINT((0.,0.,0.));
#7727=IFCDIRECTION((1.,0.,0.));
#7728=IFCDIRECTION((0.,0.,1.));
#7729=IFCAXIS2PLACEMENT3D(#7726,#7728,#7727);
#7730=IFCREPRESENTATIONMAP(#7729,#7883);
#7731=IFCCARTESIANPOINT((0.,0.,0.));
#7732=IFCDIRECTION((1.,0.,0.));
#7733=IFCDIRECTION((0.,1.,0.));
#7734=IFCDIRECTION((0.,0.,1.));
#7735=IFCCARTESIANTRANSFORMATIONOPERATOR3D(#7732,#7733,#7731,1.,#7734);
#7736=IFCMAPPEDITEM(#7730,#7735);
#7737=IFCSHAPEREPRESENTATION(#11,'Body','MappedRepresentation',(#7736));
#7738=IFCPRODUCTDEFINITIONSHAPE($,$,(#7737));
#7739=IFCRELVOIDSELEMENT('14NVG7zGj8WuyV$qJnDUMH',$,$,$,#753,#7710);
#7745=IFCRELFILLSELEMENT('1PM$82okDAYQOuxaSb64V4',$,$,$,#7710,#7686);
#7751=IFCCARTESIANPOINTLIST3D(((0.,0.,0.),(0.68734073638916016,0.,0.),(0.68734073638916016,0.,0.89999997615814209),(0.,0.,0.89999997615814209)));
#7752=IFCINDEXEDPOLYCURVE(#7751,(IFCLINEINDEX((1,2,3,4,1))),$);
#7753=IFCSHAPEREPRESENTATION(#18,'Profile','Curve3D',(#7752));
#7754=IFCCARTESIANPOINTLIST2D(((0.30000001192092896,0.),(0.,0.),(0.,0.89999997615814209),(0.30000001192092896,0.89999997615814209),(0.30000001192092896,0.87499997578561306),(0.02500000037252903,0.87499997578561306),(0.02500000037252903,0.02500000037252903),(0.30000001192092896,0.02500000037252903)));
#7755=IFCINDEXEDPOLYCURVE(#7754,(IFCLINEINDEX((1,2,3,4,5,6,7,8,1))),$);
#7756=IFCARBITRARYCLOSEDPROFILEDEF(.AREA.,$,#7755);
#7757=IFCCARTESIANPOINT((0.,0.090000001713633537,0.));
#7758=IFCDIRECTION((0.,-1.,0.));
#7759=IFCDIRECTION((1.,0.,0.));
#7760=IFCAXIS2PLACEMENT3D(#7757,#7758,#7759);
#7761=IFCDIRECTION((0.,0.,-1.));
#7762=IFCEXTRUDEDAREASOLID(#7756,#7760,#7761,0.0099999997764825821);
#7763=IFCCARTESIANPOINTLIST2D(((0.,0.),(0.30000001192092896,0.),(0.30000001192092896,0.89999997615814209),(0.,0.89999997615814209)));
#7764=IFCINDEXEDPOLYCURVE(#7763,(IFCLINEINDEX((1,2,3,4,1))),$);
#7765=IFCCARTESIANPOINTLIST2D(((0.05000000074505806,0.05000000074505806),(0.27500001154839993,0.05000000074505806),(0.27500001154839993,0.84999997541308403),(0.05000000074505806,0.84999997541308403)));
#7766=IFCINDEXEDPOLYCURVE(#7765,(IFCLINEINDEX((1,2,3,4,1))),$);
#7767=IFCARBITRARYPROFILEDEFWITHVOIDS(.AREA.,$,#7764,(#7766));
#7768=IFCCARTESIANPOINT((0.,0.05000000074505806,0.));
#7769=IFCDIRECTION((0.,-1.,0.));
#7770=IFCDIRECTION((1.,0.,0.));
#7771=IFCAXIS2PLACEMENT3D(#7768,#7769,#7770);
#7772=IFCDIRECTION((0.,0.,-1.));
#7773=IFCEXTRUDEDAREASOLID(#7767,#7771,#7772,0.040000000968575478);
#7774=IFCCARTESIANPOINTLIST2D(((0.,0.),(0.27500001154839993,0.),(0.27500001154839993,0.84999997541308403),(0.,0.84999997541308403)));
#7775=IFCINDEXEDPOLYCURVE(#7774,(IFCLINEINDEX((1,2,3,4,1))),$);
#7776=IFCCARTESIANPOINTLIST2D(((0.035000000149011612,0.035000000149011612),(0.24000001139938831,0.035000000149011612),(0.24000001139938831,0.81499997526407242),(0.035000000149011612,0.81499997526407242)));
#7777=IFCINDEXEDPOLYCURVE(#7776,(IFCLINEINDEX((1,2,3,4,1))),$);
#7778=IFCARBITRARYPROFILEDEFWITHVOIDS(.AREA.,$,#7775,(#7777));
#7779=IFCCARTESIANPOINT((0.02500000037252903,0.090000001713633537,0.02500000037252903));
#7780=IFCDIRECTION((0.,-1.,0.));
#7781=IFCDIRECTION((1.,0.,0.));
#7782=IFCAXIS2PLACEMENT3D(#7779,#7780,#7781);
#7783=IFCDIRECTION((0.,0.,-1.));
#7784=IFCEXTRUDEDAREASOLID(#7778,#7782,#7783,0.035000000149011612);
#7785=IFCINDEXEDPOLYCURVE(#7786,(IFCLINEINDEX((1,2,3,4,1))),$);
#7786=IFCCARTESIANPOINTLIST2D(((0.035000000149011612,0.035000000149011612),(0.24000001139938831,0.035000000149011612),(0.24000001139938831,0.81499997526407242),(0.035000000149011612,0.81499997526407242)));
#7787=IFCARBITRARYCLOSEDPROFILEDEF(.AREA.,$,#7785);
#7788=IFCCARTESIANPOINT((0.02500000037252903,0.10250000178813934,0.02500000037252903));
#7789=IFCDIRECTION((0.,-1.,0.));
#7790=IFCDIRECTION((1.,0.,0.));
#7791=IFCAXIS2PLACEMENT3D(#7788,#7789,#7790);
#7792=IFCDIRECTION((0.,0.,-1.));
#7793=IFCEXTRUDEDAREASOLID(#7787,#7791,#7792,0.01);
#7794=IFCCARTESIANPOINTLIST2D(((0.,0.89999997615814209),(0.3873407244682312,0.89999997615814209),(0.3873407244682312,0.),(0.,0.),(0.,0.02500000037252903),(0.36234072409570217,0.02500000037252903),(0.36234072409570217,0.87499997578561306),(0.,0.87499997578561306)));
#7795=IFCINDEXEDPOLYCURVE(#7794,(IFCLINEINDEX((1,2,3,4,5,6,7,8,1))),$);
#7796=IFCARBITRARYCLOSEDPROFILEDEF(.AREA.,$,#7795);
#7797=IFCCARTESIANPOINT((0.30000001192092896,0.090000001713633537,0.));
#7798=IFCDIRECTION((0.,-1.,0.));
#7799=IFCDIRECTION((1.,0.,0.));
#7800=IFCAXIS2PLACEMENT3D(#7797,#7798,#7799);
#7801=IFCDIRECTION((0.,0.,-1.));
#7802=IFCEXTRUDEDAREASOLID(#7796,#7800,#7801,0.0099999997764825821);
#7803=IFCCARTESIANPOINTLIST2D(((0.,0.),(0.3873407244682312,0.),(0.3873407244682312,0.89999997615814209),(0.,0.89999997615814209)));
#7804=IFCINDEXEDPOLYCURVE(#7803,(IFCLINEINDEX((1,2,3,4,1))),$);
#7805=IFCCARTESIANPOINTLIST2D(((0.02500000037252903,0.05000000074505806),(0.33734072372317314,0.05000000074505806),(0.33734072372317314,0.84999997541308403),(0.02500000037252903,0.84999997541308403)));
#7806=IFCINDEXEDPOLYCURVE(#7805,(IFCLINEINDEX((1,2,3,4,1))),$);
#7807=IFCARBITRARYPROFILEDEFWITHVOIDS(.AREA.,$,#7804,(#7806));
#7808=IFCCARTESIANPOINT((0.30000001192092896,0.05000000074505806,0.));
#7809=IFCDIRECTION((0.,-1.,0.));
#7810=IFCDIRECTION((1.,0.,0.));
#7811=IFCAXIS2PLACEMENT3D(#7808,#7809,#7810);
#7812=IFCDIRECTION((0.,0.,-1.));
#7813=IFCEXTRUDEDAREASOLID(#7807,#7811,#7812,0.040000000968575478);
#7814=IFCCARTESIANPOINTLIST2D(((0.,0.),(0.36234072409570217,0.),(0.36234072409570217,0.84999997541308403),(0.,0.84999997541308403)));
#7815=IFCINDEXEDPOLYCURVE(#7814,(IFCLINEINDEX((1,2,3,4,1))),$);
#7816=IFCCARTESIANPOINTLIST2D(((0.035000000149011612,0.035000000149011612),(0.32734072394669056,0.035000000149011612),(0.32734072394669056,0.81499997526407242),(0.035000000149011612,0.81499997526407242)));
#7817=IFCINDEXEDPOLYCURVE(#7816,(IFCLINEINDEX((1,2,3,4,1))),$);
#7818=IFCARBITRARYPROFILEDEFWITHVOIDS(.AREA.,$,#7815,(#7817));
#7819=IFCCARTESIANPOINT((0.30000001192092896,0.090000001713633537,0.02500000037252903));
#7820=IFCDIRECTION((0.,-1.,0.));
#7821=IFCDIRECTION((1.,0.,0.));
#7822=IFCAXIS2PLACEMENT3D(#7819,#7820,#7821);
#7823=IFCDIRECTION((0.,0.,-1.));
#7824=IFCEXTRUDEDAREASOLID(#7818,#7822,#7823,0.035000000149011612);
#7825=IFCINDEXEDPOLYCURVE(#7826,(IFCLINEINDEX((1,2,3,4,1))),$);
#7826=IFCCARTESIANPOINTLIST2D(((0.035000000149011612,0.035000000149011612),(0.32734072394669056,0.035000000149011612),(0.32734072394669056,0.81499997526407242),(0.035000000149011612,0.81499997526407242)));
#7827=IFCARBITRARYCLOSEDPROFILEDEF(.AREA.,$,#7825);
#7828=IFCCARTESIANPOINT((0.30000001192092896,0.10250000178813934,0.02500000037252903));
#7829=IFCDIRECTION((0.,-1.,0.));
#7830=IFCDIRECTION((1.,0.,0.));
#7831=IFCAXIS2PLACEMENT3D(#7828,#7829,#7830);
#7832=IFCDIRECTION((0.,0.,-1.));
#7833=IFCEXTRUDEDAREASOLID(#7827,#7831,#7832,0.01);
#7834=IFCSHAPEREPRESENTATION(#11,'Body','SweptSolid',(#7762,#7773,#7784,#7793,#7802,#7813,#7824,#7833));
#7835=IFCSHAPEREPRESENTATION(#11,'Body','SweptSolid',(#7762,#7773,#7802,#7813));
#7836=IFCSHAPEASPECT((#7835),'Lining',$,.T.,#7695);
#7837=IFCSHAPEREPRESENTATION(#11,'Body','SweptSolid',(#7784,#7824));
#7838=IFCSHAPEASPECT((#7837),'Framing',$,.T.,#7695);
#7839=IFCSHAPEREPRESENTATION(#11,'Body','SweptSolid',(#7793,#7833));
#7840=IFCSHAPEASPECT((#7839),'Glazing',$,.T.,#7695);
#7841=IFCCARTESIANPOINTLIST2D(((0.05000000074505806,0.05000000074505806),(0.27500001154839993,0.05000000074505806)));
#7842=IFCINDEXEDPOLYCURVE(#7841,$,$);
#7843=IFCCARTESIANPOINTLIST2D(((0.,0.10000000149011612),(0.02500000037252903,0.10000000149011612),(0.02500000037252903,0.090000001713633537),(0.05000000074505806,0.090000001713633537),(0.05000000074505806,0.05000000074505806),(0.,0.05000000074505806)));
#7844=IFCINDEXEDPOLYCURVE(#7843,(IFCLINEINDEX((1,2,3,4,5,6,1))),$);
#7845=IFCCARTESIANPOINTLIST2D(((0.30000001192092896,0.10000000149011612),(0.30000001192092896,0.10000000149011612),(0.30000001192092896,0.090000001713633537),(0.27500001154839993,0.090000001713633537),(0.27500001154839993,0.05000000074505806),(0.30000001192092896,0.05000000074505806)));
#7846=IFCINDEXEDPOLYCURVE(#7845,$,$);
#7847=IFCCARTESIANPOINTLIST2D(((0.02500000037252903,0.090000001713633537),(0.060000000521540642,0.090000001713633537),(0.060000000521540642,0.12500000186264515),(0.02500000037252903,0.12500000186264515)));
#7848=IFCINDEXEDPOLYCURVE(#7847,(IFCLINEINDEX((1,2,3,4,1))),$);
#7849=IFCINDEXEDPOLYCURVE(#7850,(IFCLINEINDEX((1,2,3,4,1))),$);
#7850=IFCCARTESIANPOINTLIST2D(((0.30000001192092896,0.090000001713633537),(0.26500001177191734,0.090000001713633537),(0.26500001177191734,0.12500000186264515),(0.30000001192092896,0.12500000186264515)));
#7851=IFCCARTESIANPOINTLIST2D(((0.060000000521540642,0.090000001713633537),(0.26500001177191734,0.090000001713633537)));
#7852=IFCINDEXEDPOLYCURVE(#7851,$,$);
#7853=IFCINDEXEDPOLYCURVE(#7854,$,$);
#7854=IFCCARTESIANPOINTLIST2D(((0.060000000521540642,0.12500000186264515),(0.26500001177191734,0.12500000186264515)));
#7855=IFCINDEXEDPOLYCURVE(#7856,$,$);
#7856=IFCCARTESIANPOINTLIST2D(((0.060000000521540642,0.10750000178813934),(0.26500001177191734,0.10750000178813934)));
#7857=IFCCARTESIANPOINTLIST2D(((0.32500001229345798,0.05000000074505806),(0.6373407356441021,0.05000000074505806)));
#7858=IFCINDEXEDPOLYCURVE(#7857,$,$);
#7859=IFCCARTESIANPOINTLIST2D(((0.30000001192092896,0.10000000149011612),(0.30000001192092896,0.10000000149011612),(0.30000001192092896,0.090000001713633537),(0.32500001229345798,0.090000001713633537),(0.32500001229345798,0.05000000074505806),(0.30000001192092896,0.05000000074505806)));
#7860=IFCINDEXEDPOLYCURVE(#7859,$,$);
#7861=IFCCARTESIANPOINTLIST2D(((0.68734073638916016,0.10000000149011612),(0.66234073601663113,0.10000000149011612),(0.66234073601663113,0.090000001713633537),(0.6373407356441021,0.090000001713633537),(0.6373407356441021,0.05000000074505806),(0.68734073638916016,0.05000000074505806)));
#7862=IFCINDEXEDPOLYCURVE(#7861,(IFCLINEINDEX((1,2,3,4,5,6,1))),$);
#7863=IFCCARTESIANPOINTLIST2D(((0.30000001192092896,0.090000001713633537),(0.33500001206994057,0.090000001713633537),(0.33500001206994057,0.12500000186264515),(0.30000001192092896,0.12500000186264515)));
#7864=IFCINDEXEDPOLYCURVE(#7863,(IFCLINEINDEX((1,2,3,4,1))),$);
#7865=IFCINDEXEDPOLYCURVE(#7866,(IFCLINEINDEX((1,2,3,4,1))),$);
#7866=IFCCARTESIANPOINTLIST2D(((0.66234073601663113,0.090000001713633537),(0.62734073586761951,0.090000001713633537),(0.62734073586761951,0.12500000186264515),(0.66234073601663113,0.12500000186264515)));
#7867=IFCCARTESIANPOINTLIST2D(((0.33500001206994057,0.090000001713633537),(0.62734073586761951,0.090000001713633537)));
#7868=IFCINDEXEDPOLYCURVE(#7867,$,$);
#7869=IFCINDEXEDPOLYCURVE(#7870,$,$);
#7870=IFCCARTESIANPOINTLIST2D(((0.33500001206994057,0.12500000186264515),(0.62734073586761951,0.12500000186264515)));
#7871=IFCINDEXEDPOLYCURVE(#7872,$,$);
#7872=IFCCARTESIANPOINTLIST2D(((0.33500001206994057,0.10750000178813934),(0.62734073586761951,0.10750000178813934)));
#7873=IFCSHAPEREPRESENTATION(#24,'Body','Curve2D',(#7842,#7844,#7846,#7848,#7849,#7852,#7853,#7855,#7858,#7860,#7862,#7864,#7865,#7868,#7869,#7871));
#7874=IFCCARTESIANPOINTLIST2D(((0.,0.),(0.68734073638916016,0.),(0.68734073638916016,0.89999997615814209),(0.,0.89999997615814209)));
#7875=IFCINDEXEDPOLYCURVE(#7874,(IFCLINEINDEX((1,2,3,4,1))),$);
#7876=IFCARBITRARYCLOSEDPROFILEDEF(.AREA.,$,#7875);
#7877=IFCCARTESIANPOINT((0.,-0.60000002384185791,0.));
#7878=IFCDIRECTION((0.,-1.,0.));
#7879=IFCDIRECTION((1.,0.,0.));
#7880=IFCAXIS2PLACEMENT3D(#7877,#7878,#7879);
#7881=IFCDIRECTION((0.,0.,-1.));
#7882=IFCEXTRUDEDAREASOLID(#7876,#7880,#7881,1.2);
#7883=IFCSHAPEREPRESENTATION(#11,'Body','SweptSolid',(#7882));
#7904=IFCCARTESIANPOINT((3.1593057628377803,7.1515343025296829E-07,1.));
#7905=IFCDIRECTION((0.,0.,1.));
#7906=IFCDIRECTION((0.99999999999999289,1.1920928244535129E-07,0.));
#7907=IFCAXIS2PLACEMENT3D(#7904,#7905,#7906);
#7908=IFCLOCALPLACEMENT(#1068,#7907);
#7914=IFCWINDOWTYPE('2E6StN4vv9Iu$pcnXXsjGL',$,'batnyo',$,$,(#7915),(#7917,#7925,#7973),$,$,.WINDOW.,.SINGLE_PANEL.,$,$);
#7915=IFCPROPERTYSET('16d0n6lmf6$9yaFQfEi2u0',$,'BBIM_Window',$,(#7916));
#7916=IFCPROPERTYSINGLEVALUE('Data',$,IFCTEXT('{"window_type": "SINGLE_PANEL", "overall_height": 0.6493567228317261, "overall_width": 0.4856373071670532, "lining_properties": {"lining_depth": 0.05000000074505806, "lining_thickness": 0.05000000074505806, "lining_offset": 0.05000000074505806, "lining_to_panel_offset_x": 0.02500000037252903, "lining_to_panel_offset_y": 0.02500000037252903}, "panel_properties": {"frame_depth": [0.03500000014901161, 0.03500000014901161, 0.03500000014901161], "frame_thickness": [0.03500000014901161, 0.03500000014901161, 0.03500000014901161]}}'),$);
#7917=IFCREPRESENTATIONMAP(#7918,#8062);
#7918=IFCAXIS2PLACEMENT3D(#7919,#7920,#7921);
#7919=IFCCARTESIANPOINT((0.,0.,0.));
#7920=IFCDIRECTION((0.,0.,1.));
#7921=IFCDIRECTION((1.,0.,0.));
#7925=IFCREPRESENTATIONMAP(#7926,#8105);
#7926=IFCAXIS2PLACEMENT3D(#7927,#7928,#7929);
#7927=IFCCARTESIANPOINT((0.,0.,0.));
#7928=IFCDIRECTION((0.,0.,1.));
#7929=IFCDIRECTION((1.,0.,0.));
#7973=IFCREPRESENTATIONMAP(#7974,#8128);
#7974=IFCAXIS2PLACEMENT3D(#7975,#7976,#7977);
#7975=IFCCARTESIANPOINT((0.,0.,0.));
#7976=IFCDIRECTION((0.,0.,1.));
#7977=IFCDIRECTION((1.,0.,0.));
#7995=IFCWINDOW('3qmFG_Whj9KRjq6sP9EkyX',$,'Window',$,$,#8718,#8004,$,0.64935672283172607,0.48563730716705322,$,.SINGLE_PANEL.,$);
#7996=IFCRELDEFINESBYTYPE('38UaPixHH1jwuzbmvIQ9pr',$,$,$,(#7995),#7914);
#7997=IFCCARTESIANPOINT((0.,0.,0.));
#7998=IFCDIRECTION((1.,0.,0.));
#7999=IFCDIRECTION((0.,1.,0.));
#8000=IFCDIRECTION((0.,0.,1.));
#8001=IFCCARTESIANTRANSFORMATIONOPERATOR3D(#7998,#7999,#7997,1.,#8000);
#8002=IFCMAPPEDITEM(#7917,#8001);
#8003=IFCSHAPEREPRESENTATION(#18,'Profile','MappedRepresentation',(#8002));
#8004=IFCPRODUCTDEFINITIONSHAPE($,$,(#8003,#8011,#8018));
#8005=IFCCARTESIANPOINT((0.,0.,0.));
#8006=IFCDIRECTION((1.,0.,0.));
#8007=IFCDIRECTION((0.,1.,0.));
#8008=IFCDIRECTION((0.,0.,1.));
#8009=IFCCARTESIANTRANSFORMATIONOPERATOR3D(#8006,#8007,#8005,1.,#8008);
#8010=IFCMAPPEDITEM(#7925,#8009);
#8011=IFCSHAPEREPRESENTATION(#11,'Body','MappedRepresentation',(#8010));
#8012=IFCCARTESIANPOINT((0.,0.,0.));
#8013=IFCDIRECTION((1.,0.,0.));
#8014=IFCDIRECTION((0.,1.,0.));
#8015=IFCDIRECTION((0.,0.,1.));
#8016=IFCCARTESIANTRANSFORMATIONOPERATOR3D(#8013,#8014,#8012,1.,#8015);
#8017=IFCMAPPEDITEM(#7973,#8016);
#8018=IFCSHAPEREPRESENTATION(#24,'Body','MappedRepresentation',(#8017));
#8019=IFCOPENINGELEMENT('2pM44yhFrEj9c$fkTARvwK',$,'Opening',$,$,#8309,#8047,$,.OPENING.);
#8035=IFCCARTESIANPOINT((0.,0.,0.));
#8036=IFCDIRECTION((1.,0.,0.));
#8037=IFCDIRECTION((0.,0.,1.));
#8038=IFCAXIS2PLACEMENT3D(#8035,#8037,#8036);
#8039=IFCREPRESENTATIONMAP(#8038,#8138);
#8040=IFCCARTESIANPOINT((0.,0.,0.));
#8041=IFCDIRECTION((1.,0.,0.));
#8042=IFCDIRECTION((0.,1.,0.));
#8043=IFCDIRECTION((0.,0.,1.));
#8044=IFCCARTESIANTRANSFORMATIONOPERATOR3D(#8041,#8042,#8040,1.,#8043);
#8045=IFCMAPPEDITEM(#8039,#8044);
#8046=IFCSHAPEREPRESENTATION(#11,'Body','MappedRepresentation',(#8045));
#8047=IFCPRODUCTDEFINITIONSHAPE($,$,(#8046));
#8048=IFCRELVOIDSELEMENT('2b16msn3v9E9m34LIYf8Q$',$,$,$,#728,#8019);
#8054=IFCRELFILLSELEMENT('3I3XRefl52SAGtUVl1TkrC',$,$,$,#8019,#7995);
#8060=IFCCARTESIANPOINTLIST3D(((0.,0.,0.),(0.48563730716705322,0.,0.),(0.48563730716705322,0.,0.64935672283172607),(0.,0.,0.64935672283172607)));
#8061=IFCINDEXEDPOLYCURVE(#8060,(IFCLINEINDEX((1,2,3,4,1))),$);
#8062=IFCSHAPEREPRESENTATION(#18,'Profile','Curve3D',(#8061));
#8063=IFCCARTESIANPOINTLIST2D(((0.,0.),(0.48563730716705322,0.),(0.48563730716705322,0.64935672283172607),(0.,0.64935672283172607)));
#8064=IFCINDEXEDPOLYCURVE(#8063,(IFCLINEINDEX((1,2,3,4,1))),$);
#8065=IFCCARTESIANPOINTLIST2D(((0.02500000037252903,0.02500000037252903),(0.46063730679452419,0.02500000037252903),(0.46063730679452419,0.62435672245919704),(0.02500000037252903,0.62435672245919704)));
#8066=IFCINDEXEDPOLYCURVE(#8065,(IFCLINEINDEX((1,2,3,4,1))),$);
#8067=IFCARBITRARYPROFILEDEFWITHVOIDS(.AREA.,$,#8064,(#8066));
#8068=IFCCARTESIANPOINT((0.,0.090000001713633537,0.));
#8069=IFCDIRECTION((0.,-1.,0.));
#8070=IFCDIRECTION((1.,0.,0.));
#8071=IFCAXIS2PLACEMENT3D(#8068,#8069,#8070);
#8072=IFCDIRECTION((0.,0.,-1.));
#8073=IFCEXTRUDEDAREASOLID(#8067,#8071,#8072,0.0099999997764825821);
#8074=IFCCARTESIANPOINTLIST2D(((0.,0.),(0.48563730716705322,0.),(0.48563730716705322,0.64935672283172607),(0.,0.64935672283172607)));
#8075=IFCINDEXEDPOLYCURVE(#8074,(IFCLINEINDEX((1,2,3,4,1))),$);
#8076=IFCCARTESIANPOINTLIST2D(((0.05000000074505806,0.05000000074505806),(0.43563730642199516,0.05000000074505806),(0.43563730642199516,0.59935672208666801),(0.05000000074505806,0.59935672208666801)));
#8077=IFCINDEXEDPOLYCURVE(#8076,(IFCLINEINDEX((1,2,3,4,1))),$);
#8078=IFCARBITRARYPROFILEDEFWITHVOIDS(.AREA.,$,#8075,(#8077));
#8079=IFCCARTESIANPOINT((0.,0.05000000074505806,0.));
#8080=IFCDIRECTION((0.,-1.,0.));
#8081=IFCDIRECTION((1.,0.,0.));
#8082=IFCAXIS2PLACEMENT3D(#8079,#8080,#8081);
#8083=IFCDIRECTION((0.,0.,-1.));
#8084=IFCEXTRUDEDAREASOLID(#8078,#8082,#8083,0.040000000968575478);
#8085=IFCCARTESIANPOINTLIST2D(((0.,0.),(0.43563730642199516,0.),(0.43563730642199516,0.59935672208666801),(0.,0.59935672208666801)));
#8086=IFCINDEXEDPOLYCURVE(#8085,(IFCLINEINDEX((1,2,3,4,1))),$);
#8087=IFCCARTESIANPOINTLIST2D(((0.035000000149011612,0.035000000149011612),(0.40063730627298355,0.035000000149011612),(0.40063730627298355,0.5643567219376564),(0.035000000149011612,0.5643567219376564)));
#8088=IFCINDEXEDPOLYCURVE(#8087,(IFCLINEINDEX((1,2,3,4,1))),$);
#8089=IFCARBITRARYPROFILEDEFWITHVOIDS(.AREA.,$,#8086,(#8088));
#8090=IFCCARTESIANPOINT((0.02500000037252903,0.090000001713633537,0.02500000037252903));
#8091=IFCDIRECTION((0.,-1.,0.));
#8092=IFCDIRECTION((1.,0.,0.));
#8093=IFCAXIS2PLACEMENT3D(#8090,#8091,#8092);
#8094=IFCDIRECTION((0.,0.,-1.));
#8095=IFCEXTRUDEDAREASOLID(#8089,#8093,#8094,0.035000000149011612);
#8096=IFCINDEXEDPOLYCURVE(#8097,(IFCLINEINDEX((1,2,3,4,1))),$);
#8097=IFCCARTESIANPOINTLIST2D(((0.035000000149011612,0.035000000149011612),(0.40063730627298355,0.035000000149011612),(0.40063730627298355,0.5643567219376564),(0.035000000149011612,0.5643567219376564)));
#8098=IFCARBITRARYCLOSEDPROFILEDEF(.AREA.,$,#8096);
#8099=IFCCARTESIANPOINT((0.02500000037252903,0.10250000178813934,0.02500000037252903));
#8100=IFCDIRECTION((0.,-1.,0.));
#8101=IFCDIRECTION((1.,0.,0.));
#8102=IFCAXIS2PLACEMENT3D(#8099,#8100,#8101);
#8103=IFCDIRECTION((0.,0.,-1.));
#8104=IFCEXTRUDEDAREASOLID(#8098,#8102,#8103,0.01);
#8105=IFCSHAPEREPRESENTATION(#11,'Body','SweptSolid',(#8073,#8084,#8095,#8104));
#8106=IFCSHAPEREPRESENTATION(#11,'Body','SweptSolid',(#8073,#8084));
#8107=IFCSHAPEASPECT((#8106),'Lining',$,.T.,#8004);
#8108=IFCSHAPEREPRESENTATION(#11,'Body','SweptSolid',(#8095));
#8109=IFCSHAPEASPECT((#8108),'Framing',$,.T.,#8004);
#8110=IFCSHAPEREPRESENTATION(#11,'Body','SweptSolid',(#8104));
#8111=IFCSHAPEASPECT((#8110),'Glazing',$,.T.,#8004);
#8112=IFCCARTESIANPOINTLIST2D(((0.05000000074505806,0.05000000074505806),(0.43563730642199516,0.05000000074505806)));
#8113=IFCINDEXEDPOLYCURVE(#8112,$,$);
#8114=IFCCARTESIANPOINTLIST2D(((0.,0.10000000149011612),(0.02500000037252903,0.10000000149011612),(0.02500000037252903,0.090000001713633537),(0.05000000074505806,0.090000001713633537),(0.05000000074505806,0.05000000074505806),(0.,0.05000000074505806)));
#8115=IFCINDEXEDPOLYCURVE(#8114,(IFCLINEINDEX((1,2,3,4,5,6,1))),$);
#8116=IFCCARTESIANPOINTLIST2D(((0.48563730716705322,0.10000000149011612),(0.46063730679452419,0.10000000149011612),(0.46063730679452419,0.090000001713633537),(0.43563730642199516,0.090000001713633537),(0.43563730642199516,0.05000000074505806),(0.48563730716705322,0.05000000074505806)));
#8117=IFCINDEXEDPOLYCURVE(#8116,(IFCLINEINDEX((1,2,3,4,5,6,1))),$);
#8118=IFCCARTESIANPOINTLIST2D(((0.02500000037252903,0.090000001713633537),(0.060000000521540642,0.090000001713633537),(0.060000000521540642,0.12500000186264515),(0.02500000037252903,0.12500000186264515)));
#8119=IFCINDEXEDPOLYCURVE(#8118,(IFCLINEINDEX((1,2,3,4,1))),$);
#8120=IFCINDEXEDPOLYCURVE(#8121,(IFCLINEINDEX((1,2,3,4,1))),$);
#8121=IFCCARTESIANPOINTLIST2D(((0.46063730679452419,0.090000001713633537),(0.42563730664551258,0.090000001713633537),(0.42563730664551258,0.12500000186264515),(0.46063730679452419,0.12500000186264515)));
#8122=IFCCARTESIANPOINTLIST2D(((0.060000000521540642,0.090000001713633537),(0.42563730664551258,0.090000001713633537)));
#8123=IFCINDEXEDPOLYCURVE(#8122,$,$);
#8124=IFCINDEXEDPOLYCURVE(#8125,$,$);
#8125=IFCCARTESIANPOINTLIST2D(((0.060000000521540642,0.12500000186264515),(0.42563730664551258,0.12500000186264515)));
#8126=IFCINDEXEDPOLYCURVE(#8127,$,$);
#8127=IFCCARTESIANPOINTLIST2D(((0.060000000521540642,0.10750000178813934),(0.42563730664551258,0.10750000178813934)));
#8128=IFCSHAPEREPRESENTATION(#24,'Body','Curve2D',(#8113,#8115,#8117,#8119,#8120,#8123,#8124,#8126));
#8129=IFCCARTESIANPOINTLIST2D(((0.,0.),(0.48563730716705322,0.),(0.48563730716705322,0.64935672283172607),(0.,0.64935672283172607)));
#8130=IFCINDEXEDPOLYCURVE(#8129,(IFCLINEINDEX((1,2,3,4,1))),$);
#8131=IFCARBITRARYCLOSEDPROFILEDEF(.AREA.,$,#8130);
#8132=IFCCARTESIANPOINT((0.,-0.60000002384185791,0.));
#8133=IFCDIRECTION((0.,-1.,0.));
#8134=IFCDIRECTION((1.,0.,0.));
#8135=IFCAXIS2PLACEMENT3D(#8132,#8133,#8134);
#8136=IFCDIRECTION((0.,0.,-1.));
#8137=IFCEXTRUDEDAREASOLID(#8131,#8135,#8136,1.2);
#8138=IFCSHAPEREPRESENTATION(#11,'Body','SweptSolid',(#8137));
#8154=IFCWINDOWTYPE('2vZNNR_h103RdaQ4JFuHHw',$,'medo',$,$,(#8155),(#8157,#8165,#8213),$,$,.WINDOW.,.SINGLE_PANEL.,$,$);
#8155=IFCPROPERTYSET('1w4NukWqj4df1ynHv3La4W',$,'BBIM_Window',$,(#8156));
#8156=IFCPROPERTYSINGLEVALUE('Data',$,IFCTEXT('{"window_type": "SINGLE_PANEL", "overall_height": 0.8999999761581421, "overall_width": 0.6318137645721436, "lining_properties": {"lining_depth": 0.05000000074505806, "lining_thickness": 0.05000000074505806, "lining_offset": 0.05000000074505806, "lining_to_panel_offset_x": 0.02500000037252903, "lining_to_panel_offset_y": 0.02500000037252903}, "panel_properties": {"frame_depth": [0.03500000014901161, 0.03500000014901161, 0.03500000014901161], "frame_thickness": [0.03500000014901161, 0.03500000014901161, 0.03500000014901161]}}'),$);
#8157=IFCREPRESENTATIONMAP(#8158,#8317);
#8158=IFCAXIS2PLACEMENT3D(#8159,#8160,#8161);
#8159=IFCCARTESIANPOINT((0.,0.,0.));
#8160=IFCDIRECTION((0.,0.,1.));
#8161=IFCDIRECTION((1.,0.,0.));
#8165=IFCREPRESENTATIONMAP(#8166,#8360);
#8166=IFCAXIS2PLACEMENT3D(#8167,#8168,#8169);
#8167=IFCCARTESIANPOINT((0.,0.,0.));
#8168=IFCDIRECTION((0.,0.,1.));
#8169=IFCDIRECTION((1.,0.,0.));
#8213=IFCREPRESENTATIONMAP(#8214,#8383);
#8214=IFCAXIS2PLACEMENT3D(#8215,#8216,#8217);
#8215=IFCCARTESIANPOINT((0.,0.,0.));
#8216=IFCDIRECTION((0.,0.,1.));
#8217=IFCDIRECTION((1.,0.,0.));
#8235=IFCWINDOW('0nNJkZDJf0IAYHBkkm$ksq',$,'Window',$,$,#8723,#8244,$,0.89999997615814209,0.63181376457214355,$,.SINGLE_PANEL.,$);
#8236=IFCRELDEFINESBYTYPE('0pwjZ2HHPFOuSSV5cAeEL5',$,$,$,(#8235),#8154);
#8237=IFCCARTESIANPOINT((0.,0.,0.));
#8238=IFCDIRECTION((1.,0.,0.));
#8239=IFCDIRECTION((0.,1.,0.));
#8240=IFCDIRECTION((0.,0.,1.));
#8241=IFCCARTESIANTRANSFORMATIONOPERATOR3D(#8238,#8239,#8237,1.,#8240);
#8242=IFCMAPPEDITEM(#8157,#8241);
#8243=IFCSHAPEREPRESENTATION(#18,'Profile','MappedRepresentation',(#8242));
#8244=IFCPRODUCTDEFINITIONSHAPE($,$,(#8243,#8251,#8258));
#8245=IFCCARTESIANPOINT((0.,0.,0.));
#8246=IFCDIRECTION((1.,0.,0.));
#8247=IFCDIRECTION((0.,1.,0.));
#8248=IFCDIRECTION((0.,0.,1.));
#8249=IFCCARTESIANTRANSFORMATIONOPERATOR3D(#8246,#8247,#8245,1.,#8248);
#8250=IFCMAPPEDITEM(#8165,#8249);
#8251=IFCSHAPEREPRESENTATION(#11,'Body','MappedRepresentation',(#8250));
#8252=IFCCARTESIANPOINT((0.,0.,0.));
#8253=IFCDIRECTION((1.,0.,0.));
#8254=IFCDIRECTION((0.,1.,0.));
#8255=IFCDIRECTION((0.,0.,1.));
#8256=IFCCARTESIANTRANSFORMATIONOPERATOR3D(#8253,#8254,#8252,1.,#8255);
#8257=IFCMAPPEDITEM(#8213,#8256);
#8258=IFCSHAPEREPRESENTATION(#24,'Body','MappedRepresentation',(#8257));
#8259=IFCOPENINGELEMENT('0B1qrNSxf0$OJHXHnyL5HV',$,'Opening',$,$,#8418,#8287,$,.OPENING.);
#8275=IFCCARTESIANPOINT((0.,0.,0.));
#8276=IFCDIRECTION((1.,0.,0.));
#8277=IFCDIRECTION((0.,0.,1.));
#8278=IFCAXIS2PLACEMENT3D(#8275,#8277,#8276);
#8279=IFCREPRESENTATIONMAP(#8278,#8393);
#8280=IFCCARTESIANPOINT((0.,0.,0.));
#8281=IFCDIRECTION((1.,0.,0.));
#8282=IFCDIRECTION((0.,1.,0.));
#8283=IFCDIRECTION((0.,0.,1.));
#8284=IFCCARTESIANTRANSFORMATIONOPERATOR3D(#8281,#8282,#8280,1.,#8283);
#8285=IFCMAPPEDITEM(#8279,#8284);
#8286=IFCSHAPEREPRESENTATION(#11,'Body','MappedRepresentation',(#8285));
#8287=IFCPRODUCTDEFINITIONSHAPE($,$,(#8286));
#8288=IFCRELVOIDSELEMENT('1JyuP4odr1TRicvP4uOEJY',$,$,$,#728,#8259);
#8294=IFCRELFILLSELEMENT('2ASDvufhX1fepQdcR0a2N7',$,$,$,#8259,#8235);
#8305=IFCCARTESIANPOINT((2.6819410238004724,5.1507933651606663E-07,1.));
#8306=IFCDIRECTION((0.,0.,1.));
#8307=IFCDIRECTION((0.99999999999997158,-2.3841857910149749E-07,0.));
#8308=IFCAXIS2PLACEMENT3D(#8305,#8306,#8307);
#8309=IFCLOCALPLACEMENT(#2768,#8308);
#8315=IFCCARTESIANPOINTLIST3D(((0.,0.,0.),(0.63181376457214355,0.,0.),(0.63181376457214355,0.,0.89999997615814209),(0.,0.,0.89999997615814209)));
#8316=IFCINDEXEDPOLYCURVE(#8315,(IFCLINEINDEX((1,2,3,4,1))),$);
#8317=IFCSHAPEREPRESENTATION(#18,'Profile','Curve3D',(#8316));
#8318=IFCCARTESIANPOINTLIST2D(((0.,0.),(0.63181376457214355,0.),(0.63181376457214355,0.89999997615814209),(0.,0.89999997615814209)));
#8319=IFCINDEXEDPOLYCURVE(#8318,(IFCLINEINDEX((1,2,3,4,1))),$);
#8320=IFCCARTESIANPOINTLIST2D(((0.02500000037252903,0.02500000037252903),(0.60681376419961452,0.02500000037252903),(0.60681376419961452,0.87499997578561306),(0.02500000037252903,0.87499997578561306)));
#8321=IFCINDEXEDPOLYCURVE(#8320,(IFCLINEINDEX((1,2,3,4,1))),$);
#8322=IFCARBITRARYPROFILEDEFWITHVOIDS(.AREA.,$,#8319,(#8321));
#8323=IFCCARTESIANPOINT((0.,0.090000001713633537,0.));
#8324=IFCDIRECTION((0.,-1.,0.));
#8325=IFCDIRECTION((1.,0.,0.));
#8326=IFCAXIS2PLACEMENT3D(#8323,#8324,#8325);
#8327=IFCDIRECTION((0.,0.,-1.));
#8328=IFCEXTRUDEDAREASOLID(#8322,#8326,#8327,0.0099999997764825821);
#8329=IFCCARTESIANPOINTLIST2D(((0.,0.),(0.63181376457214355,0.),(0.63181376457214355,0.89999997615814209),(0.,0.89999997615814209)));
#8330=IFCINDEXEDPOLYCURVE(#8329,(IFCLINEINDEX((1,2,3,4,1))),$);
#8331=IFCCARTESIANPOINTLIST2D(((0.05000000074505806,0.05000000074505806),(0.58181376382708549,0.05000000074505806),(0.58181376382708549,0.84999997541308403),(0.05000000074505806,0.84999997541308403)));
#8332=IFCINDEXEDPOLYCURVE(#8331,(IFCLINEINDEX((1,2,3,4,1))),$);
#8333=IFCARBITRARYPROFILEDEFWITHVOIDS(.AREA.,$,#8330,(#8332));
#8334=IFCCARTESIANPOINT((0.,0.05000000074505806,0.));
#8335=IFCDIRECTION((0.,-1.,0.));
#8336=IFCDIRECTION((1.,0.,0.));
#8337=IFCAXIS2PLACEMENT3D(#8334,#8335,#8336);
#8338=IFCDIRECTION((0.,0.,-1.));
#8339=IFCEXTRUDEDAREASOLID(#8333,#8337,#8338,0.040000000968575478);
#8340=IFCCARTESIANPOINTLIST2D(((0.,0.),(0.58181376382708549,0.),(0.58181376382708549,0.84999997541308403),(0.,0.84999997541308403)));
#8341=IFCINDEXEDPOLYCURVE(#8340,(IFCLINEINDEX((1,2,3,4,1))),$);
#8342=IFCCARTESIANPOINTLIST2D(((0.035000000149011612,0.035000000149011612),(0.54681376367807388,0.035000000149011612),(0.54681376367807388,0.81499997526407242),(0.035000000149011612,0.81499997526407242)));
#8343=IFCINDEXEDPOLYCURVE(#8342,(IFCLINEINDEX((1,2,3,4,1))),$);
#8344=IFCARBITRARYPROFILEDEFWITHVOIDS(.AREA.,$,#8341,(#8343));
#8345=IFCCARTESIANPOINT((0.02500000037252903,0.090000001713633537,0.02500000037252903));
#8346=IFCDIRECTION((0.,-1.,0.));
#8347=IFCDIRECTION((1.,0.,0.));
#8348=IFCAXIS2PLACEMENT3D(#8345,#8346,#8347);
#8349=IFCDIRECTION((0.,0.,-1.));
#8350=IFCEXTRUDEDAREASOLID(#8344,#8348,#8349,0.035000000149011612);
#8351=IFCINDEXEDPOLYCURVE(#8352,(IFCLINEINDEX((1,2,3,4,1))),$);
#8352=IFCCARTESIANPOINTLIST2D(((0.035000000149011612,0.035000000149011612),(0.54681376367807388,0.035000000149011612),(0.54681376367807388,0.81499997526407242),(0.035000000149011612,0.81499997526407242)));
#8353=IFCARBITRARYCLOSEDPROFILEDEF(.AREA.,$,#8351);
#8354=IFCCARTESIANPOINT((0.02500000037252903,0.10250000178813934,0.02500000037252903));
#8355=IFCDIRECTION((0.,-1.,0.));
#8356=IFCDIRECTION((1.,0.,0.));
#8357=IFCAXIS2PLACEMENT3D(#8354,#8355,#8356);
#8358=IFCDIRECTION((0.,0.,-1.));
#8359=IFCEXTRUDEDAREASOLID(#8353,#8357,#8358,0.01);
#8360=IFCSHAPEREPRESENTATION(#11,'Body','SweptSolid',(#8328,#8339,#8350,#8359));
#8361=IFCSHAPEREPRESENTATION(#11,'Body','SweptSolid',(#8328,#8339));
#8362=IFCSHAPEASPECT((#8361),'Lining',$,.T.,#8244);
#8363=IFCSHAPEREPRESENTATION(#11,'Body','SweptSolid',(#8350));
#8364=IFCSHAPEASPECT((#8363),'Framing',$,.T.,#8244);
#8365=IFCSHAPEREPRESENTATION(#11,'Body','SweptSolid',(#8359));
#8366=IFCSHAPEASPECT((#8365),'Glazing',$,.T.,#8244);
#8367=IFCCARTESIANPOINTLIST2D(((0.05000000074505806,0.05000000074505806),(0.58181376382708549,0.05000000074505806)));
#8368=IFCINDEXEDPOLYCURVE(#8367,$,$);
#8369=IFCCARTESIANPOINTLIST2D(((0.,0.10000000149011612),(0.02500000037252903,0.10000000149011612),(0.02500000037252903,0.090000001713633537),(0.05000000074505806,0.090000001713633537),(0.05000000074505806,0.05000000074505806),(0.,0.05000000074505806)));
#8370=IFCINDEXEDPOLYCURVE(#8369,(IFCLINEINDEX((1,2,3,4,5,6,1))),$);
#8371=IFCCARTESIANPOINTLIST2D(((0.63181376457214355,0.10000000149011612),(0.60681376419961452,0.10000000149011612),(0.60681376419961452,0.090000001713633537),(0.58181376382708549,0.090000001713633537),(0.58181376382708549,0.05000000074505806),(0.63181376457214355,0.05000000074505806)));
#8372=IFCINDEXEDPOLYCURVE(#8371,(IFCLINEINDEX((1,2,3,4,5,6,1))),$);
#8373=IFCCARTESIANPOINTLIST2D(((0.02500000037252903,0.090000001713633537),(0.060000000521540642,0.090000001713633537),(0.060000000521540642,0.12500000186264515),(0.02500000037252903,0.12500000186264515)));
#8374=IFCINDEXEDPOLYCURVE(#8373,(IFCLINEINDEX((1,2,3,4,1))),$);
#8375=IFCINDEXEDPOLYCURVE(#8376,(IFCLINEINDEX((1,2,3,4,1))),$);
#8376=IFCCARTESIANPOINTLIST2D(((0.60681376419961452,0.090000001713633537),(0.57181376405060291,0.090000001713633537),(0.57181376405060291,0.12500000186264515),(0.60681376419961452,0.12500000186264515)));
#8377=IFCCARTESIANPOINTLIST2D(((0.060000000521540642,0.090000001713633537),(0.57181376405060291,0.090000001713633537)));
#8378=IFCINDEXEDPOLYCURVE(#8377,$,$);
#8379=IFCINDEXEDPOLYCURVE(#8380,$,$);
#8380=IFCCARTESIANPOINTLIST2D(((0.060000000521540642,0.12500000186264515),(0.57181376405060291,0.12500000186264515)));
#8381=IFCINDEXEDPOLYCURVE(#8382,$,$);
#8382=IFCCARTESIANPOINTLIST2D(((0.060000000521540642,0.10750000178813934),(0.57181376405060291,0.10750000178813934)));
#8383=IFCSHAPEREPRESENTATION(#24,'Body','Curve2D',(#8368,#8370,#8372,#8374,#8375,#8378,#8379,#8381));
#8384=IFCCARTESIANPOINTLIST2D(((0.,0.),(0.63181376457214355,0.),(0.63181376457214355,0.89999997615814209),(0.,0.89999997615814209)));
#8385=IFCINDEXEDPOLYCURVE(#8384,(IFCLINEINDEX((1,2,3,4,1))),$);
#8386=IFCARBITRARYCLOSEDPROFILEDEF(.AREA.,$,#8385);
#8387=IFCCARTESIANPOINT((0.,-0.60000002384185791,0.));
#8388=IFCDIRECTION((0.,-1.,0.));
#8389=IFCDIRECTION((1.,0.,0.));
#8390=IFCAXIS2PLACEMENT3D(#8387,#8388,#8389);
#8391=IFCDIRECTION((0.,0.,-1.));
#8392=IFCEXTRUDEDAREASOLID(#8386,#8390,#8391,1.2);
#8393=IFCSHAPEREPRESENTATION(#11,'Body','SweptSolid',(#8392));
#8414=IFCCARTESIANPOINT((1.0829570207335772,-1.0758800694787851E-07,1.));
#8415=IFCDIRECTION((0.,0.,1.));
#8416=IFCDIRECTION((0.99999999999997158,-2.3841857910149749E-07,0.));
#8417=IFCAXIS2PLACEMENT3D(#8414,#8415,#8416);
#8418=IFCLOCALPLACEMENT(#2768,#8417);
#8424=IFCSLABTYPE('1lypeNzKP0xfIMXr$bbt8x',$,'2ndplor',$,$,(#8425),$,$,$,.FLOOR.);
#8425=IFCPROPERTYSET('0hfbo4_NP6H9x2sFopIA9_',$,'EPset_Parametric',$,(#8426));
#8426=IFCPROPERTYSINGLEVALUE('LayerSetDirection',$,IFCLABEL('AXIS3'),$);
#8427=IFCRELASSOCIATESMATERIAL('3yrsq4nk58qOOHKCEFUcSy',$,$,$,(#8424),#8428);
#8428=IFCMATERIALLAYERSET((#8429),$,$);
#8429=IFCMATERIALLAYER(#81,0.10000000000000001,$,$,$,$,$);
#8430=IFCSLAB('3ltfDrEXD3wv1bUdY_7Sx3',$,'Slab',$,$,#11036,#8446,$,$);
#8431=IFCRELCONTAINEDINSPATIALSTRUCTURE('2QfUlw2WD3Qw9LiolHWtC5',$,$,$,(#10571,#9803,#10034,#8905,#10100,#8830,#9828,#8755,#9408,#10056,#10506,#10257,#9446,#10804,#8855,#9765,#8880,#8780,#8430,#9484),#63);
#8432=IFCRELDEFINESBYTYPE('0Prx2IDqj9VO2S9lfgjnjS',$,$,$,(#10034,#8430,#10056,#10100),#8424);
#8433=IFCMATERIALLAYERSETUSAGE(#8428,.AXIS3.,.POSITIVE.,-0.10000000149011612,$);
#8434=IFCRELASSOCIATESMATERIAL('2bDrOj5hP78fNTCI$F1cxw',$,$,$,(#8430),#8433);
#8440=IFCCARTESIANPOINTLIST2D(((0.,0.),(0.037489414215087891,9.1000003814697266),(-3.3979747295379639,9.1048460006713867),(-3.3979742527008057,7.6637697219848633),(-6.9625124931335449,7.6500015258789062),(-6.9625115394592285,2.450000524520874),(-3.9613220691680908,2.4511904716491699),(-3.9625124931335449,0.),(0.,0.)));
#8441=IFCINDEXEDPOLYCURVE(#8440,$,$);
#8442=IFCDIRECTION((0.,0.,1.));
#8443=IFCARBITRARYCLOSEDPROFILEDEF(.AREA.,$,#8441);
#8444=IFCEXTRUDEDAREASOLID(#8443,#8453,#8442,0.10000000000000001);
#8445=IFCSHAPEREPRESENTATION(#11,'Body','SweptSolid',(#8444));
#8446=IFCPRODUCTDEFINITIONSHAPE($,$,(#8445));
#8447=IFCPROPERTYSET('0W2qF0UX50gRw9kEi$$nwq',$,'EPset_Parametric',$,(#8449));
#8448=IFCRELDEFINESBYPROPERTIES('16zTI9FHzAEAHb6N4oIJOD',$,$,$,(#8430),#8447);
#8449=IFCPROPERTYSINGLEVALUE('Engine',$,IFCLABEL('Bonsai.DumbLayer3'),$);
#8450=IFCCARTESIANPOINT((-0.,-0.,-0.10000000149011612));
#8451=IFCDIRECTION((0.,0.,1.));
#8452=IFCDIRECTION((1.,0.,0.));
#8453=IFCAXIS2PLACEMENT3D(#8450,#8451,#8452);
#8454=IFCWINDOW('2QEjvXDwTCA9DomJ9MS_go',$,'Window',$,$,#8728,#8463,$,0.89999997615814209,0.72261273860931396,$,.SINGLE_PANEL.,$);
#8455=IFCRELDEFINESBYTYPE('3mOh5pJ1D1hecXQE6dYR8e',$,$,$,(#8454),#4589);
#8456=IFCCARTESIANPOINT((0.,0.,0.));
#8457=IFCDIRECTION((1.,0.,0.));
#8458=IFCDIRECTION((0.,1.,0.));
#8459=IFCDIRECTION((0.,0.,1.));
#8460=IFCCARTESIANTRANSFORMATIONOPERATOR3D(#8457,#8458,#8456,1.,#8459);
#8461=IFCMAPPEDITEM(#4599,#8460);
#8462=IFCSHAPEREPRESENTATION(#18,'Profile','MappedRepresentation',(#8461));
#8463=IFCPRODUCTDEFINITIONSHAPE($,$,(#8462,#8470,#8477));
#8464=IFCCARTESIANPOINT((0.,0.,0.));
#8465=IFCDIRECTION((1.,0.,0.));
#8466=IFCDIRECTION((0.,1.,0.));
#8467=IFCDIRECTION((0.,0.,1.));
#8468=IFCCARTESIANTRANSFORMATIONOPERATOR3D(#8465,#8466,#8464,1.,#8467);
#8469=IFCMAPPEDITEM(#4647,#8468);
#8470=IFCSHAPEREPRESENTATION(#11,'Body','MappedRepresentation',(#8469));
#8471=IFCCARTESIANPOINT((0.,0.,0.));
#8472=IFCDIRECTION((1.,0.,0.));
#8473=IFCDIRECTION((0.,1.,0.));
#8474=IFCDIRECTION((0.,0.,1.));
#8475=IFCCARTESIANTRANSFORMATIONOPERATOR3D(#8472,#8473,#8471,1.,#8474);
#8476=IFCMAPPEDITEM(#4669,#8475);
#8477=IFCSHAPEREPRESENTATION(#24,'Body','MappedRepresentation',(#8476));
#8478=IFCOPENINGELEMENT('2s9F95zjj6JBNRifJJPs31',$,'Opening',$,$,#8622,#8506,$,.OPENING.);
#8494=IFCCARTESIANPOINT((0.,0.,0.));
#8495=IFCDIRECTION((1.,0.,0.));
#8496=IFCDIRECTION((0.,0.,1.));
#8497=IFCAXIS2PLACEMENT3D(#8494,#8496,#8495);
#8498=IFCREPRESENTATIONMAP(#8497,#8597);
#8499=IFCCARTESIANPOINT((0.,0.,0.));
#8500=IFCDIRECTION((1.,0.,0.));
#8501=IFCDIRECTION((0.,1.,0.));
#8502=IFCDIRECTION((0.,0.,1.));
#8503=IFCCARTESIANTRANSFORMATIONOPERATOR3D(#8500,#8501,#8499,1.,#8502);
#8504=IFCMAPPEDITEM(#8498,#8503);
#8505=IFCSHAPEREPRESENTATION(#11,'Body','MappedRepresentation',(#8504));
#8506=IFCPRODUCTDEFINITIONSHAPE($,$,(#8505));
#8507=IFCRELVOIDSELEMENT('30EL3rcaT2Lwy8bNdcgOCM',$,$,$,#626,#8478);
#8513=IFCRELFILLSELEMENT('0YTpgk56b7XvdgBG4RjBSp',$,$,$,#8478,#8454);
#8519=IFCCARTESIANPOINTLIST3D(((0.,0.,0.),(0.72261273860931396,0.,0.),(0.72261273860931396,0.,0.89999997615814209),(0.,0.,0.89999997615814209)));
#8520=IFCINDEXEDPOLYCURVE(#8519,(IFCLINEINDEX((1,2,3,4,1))),$);
#8521=IFCSHAPEREPRESENTATION(#18,'Profile','Curve3D',(#8520));
#8522=IFCCARTESIANPOINTLIST2D(((0.,0.),(0.72261273860931396,0.),(0.72261273860931396,0.89999997615814209),(0.,0.89999997615814209)));
#8523=IFCINDEXEDPOLYCURVE(#8522,(IFCLINEINDEX((1,2,3,4,1))),$);
#8524=IFCCARTESIANPOINTLIST2D(((0.02500000037252903,0.02500000037252903),(0.69761273823678493,0.02500000037252903),(0.69761273823678493,0.87499997578561306),(0.02500000037252903,0.87499997578561306)));
#8525=IFCINDEXEDPOLYCURVE(#8524,(IFCLINEINDEX((1,2,3,4,1))),$);
#8526=IFCARBITRARYPROFILEDEFWITHVOIDS(.AREA.,$,#8523,(#8525));
#8527=IFCCARTESIANPOINT((0.,0.090000001713633537,0.));
#8528=IFCDIRECTION((0.,-1.,0.));
#8529=IFCDIRECTION((1.,0.,0.));
#8530=IFCAXIS2PLACEMENT3D(#8527,#8528,#8529);
#8531=IFCDIRECTION((0.,0.,-1.));
#8532=IFCEXTRUDEDAREASOLID(#8526,#8530,#8531,0.0099999997764825821);
#8533=IFCCARTESIANPOINTLIST2D(((0.,0.),(0.72261273860931396,0.),(0.72261273860931396,0.89999997615814209),(0.,0.89999997615814209)));
#8534=IFCINDEXEDPOLYCURVE(#8533,(IFCLINEINDEX((1,2,3,4,1))),$);
#8535=IFCCARTESIANPOINTLIST2D(((0.05000000074505806,0.05000000074505806),(0.67261273786425591,0.05000000074505806),(0.67261273786425591,0.84999997541308403),(0.05000000074505806,0.84999997541308403)));
#8536=IFCINDEXEDPOLYCURVE(#8535,(IFCLINEINDEX((1,2,3,4,1))),$);
#8537=IFCARBITRARYPROFILEDEFWITHVOIDS(.AREA.,$,#8534,(#8536));
#8538=IFCCARTESIANPOINT((0.,0.05000000074505806,0.));
#8539=IFCDIRECTION((0.,-1.,0.));
#8540=IFCDIRECTION((1.,0.,0.));
#8541=IFCAXIS2PLACEMENT3D(#8538,#8539,#8540);
#8542=IFCDIRECTION((0.,0.,-1.));
#8543=IFCEXTRUDEDAREASOLID(#8537,#8541,#8542,0.040000000968575478);
#8544=IFCCARTESIANPOINTLIST2D(((0.,0.),(0.67261273786425591,0.),(0.67261273786425591,0.84999997541308403),(0.,0.84999997541308403)));
#8545=IFCINDEXEDPOLYCURVE(#8544,(IFCLINEINDEX((1,2,3,4,1))),$);
#8546=IFCCARTESIANPOINTLIST2D(((0.035000000149011612,0.035000000149011612),(0.63761273771524429,0.035000000149011612),(0.63761273771524429,0.81499997526407242),(0.035000000149011612,0.81499997526407242)));
#8547=IFCINDEXEDPOLYCURVE(#8546,(IFCLINEINDEX((1,2,3,4,1))),$);
#8548=IFCARBITRARYPROFILEDEFWITHVOIDS(.AREA.,$,#8545,(#8547));
#8549=IFCCARTESIANPOINT((0.02500000037252903,0.090000001713633537,0.02500000037252903));
#8550=IFCDIRECTION((0.,-1.,0.));
#8551=IFCDIRECTION((1.,0.,0.));
#8552=IFCAXIS2PLACEMENT3D(#8549,#8550,#8551);
#8553=IFCDIRECTION((0.,0.,-1.));
#8554=IFCEXTRUDEDAREASOLID(#8548,#8552,#8553,0.035000000149011612);
#8555=IFCINDEXEDPOLYCURVE(#8556,(IFCLINEINDEX((1,2,3,4,1))),$);
#8556=IFCCARTESIANPOINTLIST2D(((0.035000000149011612,0.035000000149011612),(0.63761273771524429,0.035000000149011612),(0.63761273771524429,0.81499997526407242),(0.035000000149011612,0.81499997526407242)));
#8557=IFCARBITRARYCLOSEDPROFILEDEF(.AREA.,$,#8555);
#8558=IFCCARTESIANPOINT((0.02500000037252903,0.10250000178813934,0.02500000037252903));
#8559=IFCDIRECTION((0.,-1.,0.));
#8560=IFCDIRECTION((1.,0.,0.));
#8561=IFCAXIS2PLACEMENT3D(#8558,#8559,#8560);
#8562=IFCDIRECTION((0.,0.,-1.));
#8563=IFCEXTRUDEDAREASOLID(#8557,#8561,#8562,0.01);
#8564=IFCSHAPEREPRESENTATION(#11,'Body','SweptSolid',(#8532,#8543,#8554,#8563));
#8565=IFCSHAPEREPRESENTATION(#11,'Body','SweptSolid',(#8532,#8543));
#8566=IFCSHAPEASPECT((#8565),'Lining',$,.T.,#8463);
#8567=IFCSHAPEREPRESENTATION(#11,'Body','SweptSolid',(#8554));
#8568=IFCSHAPEASPECT((#8567),'Framing',$,.T.,#8463);
#8569=IFCSHAPEREPRESENTATION(#11,'Body','SweptSolid',(#8563));
#8570=IFCSHAPEASPECT((#8569),'Glazing',$,.T.,#8463);
#8571=IFCCARTESIANPOINTLIST2D(((0.05000000074505806,0.05000000074505806),(0.67261273786425591,0.05000000074505806)));
#8572=IFCINDEXEDPOLYCURVE(#8571,$,$);
#8573=IFCCARTESIANPOINTLIST2D(((0.,0.10000000149011612),(0.02500000037252903,0.10000000149011612),(0.02500000037252903,0.090000001713633537),(0.05000000074505806,0.090000001713633537),(0.05000000074505806,0.05000000074505806),(0.,0.05000000074505806)));
#8574=IFCINDEXEDPOLYCURVE(#8573,(IFCLINEINDEX((1,2,3,4,5,6,1))),$);
#8575=IFCCARTESIANPOINTLIST2D(((0.72261273860931396,0.10000000149011612),(0.69761273823678493,0.10000000149011612),(0.69761273823678493,0.090000001713633537),(0.67261273786425591,0.090000001713633537),(0.67261273786425591,0.05000000074505806),(0.72261273860931396,0.05000000074505806)));
#8576=IFCINDEXEDPOLYCURVE(#8575,(IFCLINEINDEX((1,2,3,4,5,6,1))),$);
#8577=IFCCARTESIANPOINTLIST2D(((0.02500000037252903,0.090000001713633537),(0.060000000521540642,0.090000001713633537),(0.060000000521540642,0.12500000186264515),(0.02500000037252903,0.12500000186264515)));
#8578=IFCINDEXEDPOLYCURVE(#8577,(IFCLINEINDEX((1,2,3,4,1))),$);
#8579=IFCINDEXEDPOLYCURVE(#8580,(IFCLINEINDEX((1,2,3,4,1))),$);
#8580=IFCCARTESIANPOINTLIST2D(((0.69761273823678493,0.090000001713633537),(0.66261273808777332,0.090000001713633537),(0.66261273808777332,0.12500000186264515),(0.69761273823678493,0.12500000186264515)));
#8581=IFCCARTESIANPOINTLIST2D(((0.060000000521540642,0.090000001713633537),(0.66261273808777332,0.090000001713633537)));
#8582=IFCINDEXEDPOLYCURVE(#8581,$,$);
#8583=IFCINDEXEDPOLYCURVE(#8584,$,$);
#8584=IFCCARTESIANPOINTLIST2D(((0.060000000521540642,0.12500000186264515),(0.66261273808777332,0.12500000186264515)));
#8585=IFCINDEXEDPOLYCURVE(#8586,$,$);
#8586=IFCCARTESIANPOINTLIST2D(((0.060000000521540642,0.10750000178813934),(0.66261273808777332,0.10750000178813934)));
#8587=IFCSHAPEREPRESENTATION(#24,'Body','Curve2D',(#8572,#8574,#8576,#8578,#8579,#8582,#8583,#8585));
#8588=IFCCARTESIANPOINTLIST2D(((0.,0.),(0.72261273860931396,0.),(0.72261273860931396,0.89999997615814209),(0.,0.89999997615814209)));
#8589=IFCINDEXEDPOLYCURVE(#8588,(IFCLINEINDEX((1,2,3,4,1))),$);
#8590=IFCARBITRARYCLOSEDPROFILEDEF(.AREA.,$,#8589);
#8591=IFCCARTESIANPOINT((0.,-0.60000002384185791,0.));
#8592=IFCDIRECTION((0.,-1.,0.));
#8593=IFCDIRECTION((1.,0.,0.));
#8594=IFCAXIS2PLACEMENT3D(#8591,#8592,#8593);
#8595=IFCDIRECTION((0.,0.,-1.));
#8596=IFCEXTRUDEDAREASOLID(#8590,#8594,#8595,1.2);
#8597=IFCSHAPEREPRESENTATION(#11,'Body','SweptSolid',(#8596));
#8618=IFCCARTESIANPOINT((1.8190440354778215,2.384185791015625E-07,1.));
#8619=IFCDIRECTION((0.,0.,1.));
#8620=IFCDIRECTION((0.99999999999997158,-2.3841857910155572E-07,0.));
#8621=IFCAXIS2PLACEMENT3D(#8618,#8619,#8620);
#8622=IFCLOCALPLACEMENT(#1164,#8621);
#8628=IFCROOFTYPE('0fF2ypsIn1pRmAd18FZDY$',$,'rup',$,$,(#8629),(#8658,#8686),$,$,.HIP_ROOF.);
#8629=IFCPROPERTYSET('3paRNoSKP2Ie7xDiFRa_Kq',$,'BBIM_Roof',$,(#8630));
#8630=IFCPROPERTYSINGLEVALUE('Data',$,IFCTEXT('{"roof_type": "HIP/GABLE ROOF", "generation_method": "ANGLE", "roof_thickness": 0.10000000149011612, "rafter_edge_angle": 1.5707963705062866, "angle": 0.1745329201221466, "percentage": 17.63269805908203, "path_data": {"edges": [[0, 1], [1, 2], [2, 3], [3, 0]], "verts": [[-5.0, -5.0, 0.0], [-5.0, 5.0, 0.0], [5.0, 5.0, 0.0], [5.0, -5.0, 0.0]]}}'),$);
#8654=IFCCARTESIANPOINT((0.,0.,0.));
#8655=IFCDIRECTION((1.,0.,0.));
#8656=IFCDIRECTION((0.,0.,1.));
#8657=IFCAXIS2PLACEMENT3D(#8654,#8656,#8655);
#8658=IFCREPRESENTATIONMAP(#8657,#8677);
#8659=IFCINDEXEDPOLYGONALFACE((3,1,2));
#8660=IFCINDEXEDPOLYGONALFACE((2,4,3));
#8661=IFCINDEXEDPOLYGONALFACE((1,3,5));
#8662=IFCINDEXEDPOLYGONALFACE((4,5,3));
#8663=IFCINDEXEDPOLYGONALFACE((6,7,8));
#8664=IFCINDEXEDPOLYGONALFACE((8,2,1));
#8665=IFCINDEXEDPOLYGONALFACE((8,1,6));
#8666=IFCINDEXEDPOLYGONALFACE((8,7,9));
#8667=IFCINDEXEDPOLYGONALFACE((2,8,9));
#8668=IFCINDEXEDPOLYGONALFACE((2,9,4));
#8669=IFCINDEXEDPOLYGONALFACE((10,7,6));
#8670=IFCINDEXEDPOLYGONALFACE((6,1,5));
#8671=IFCINDEXEDPOLYGONALFACE((6,5,10));
#8672=IFCINDEXEDPOLYGONALFACE((9,7,10));
#8673=IFCINDEXEDPOLYGONALFACE((4,9,10));
#8674=IFCINDEXEDPOLYGONALFACE((4,10,5));
#8675=IFCCARTESIANPOINTLIST3D(((-5.,-5.,0.),(5.,-5.,0.),(0.,0.,0.88163489103317261),(5.,5.,0.),(-5.,5.,0.),(-5.,-5.,-0.10154265910387039),(0.,0.,0.78009223937988281),(5.,-5.,-0.10154265910387039),(5.,5.,-0.10154265910387039),(-5.,5.,-0.10154265910387039)));
#8676=IFCPOLYGONALFACESET(#8675,.T.,(#8659,#8660,#8661,#8662,#8663,#8664,#8665,#8666,#8667,#8668,#8669,#8670,#8671,#8672,#8673,#8674),$);
#8677=IFCSHAPEREPRESENTATION(#11,'Body','Tessellation',(#8676));
#8679=IFCCARTESIANPOINT((-5.,-5.,-0.10154265910387039));
#8680=IFCBOUNDINGBOX(#8679,10.,10.,0.9831775426864624);
#8681=IFCSHAPEREPRESENTATION(#13,'Box','BoundingBox',(#8680));
#8682=IFCCARTESIANPOINT((0.,0.,0.));
#8683=IFCDIRECTION((1.,0.,0.));
#8684=IFCDIRECTION((0.,0.,1.));
#8685=IFCAXIS2PLACEMENT3D(#8682,#8684,#8683);
#8686=IFCREPRESENTATIONMAP(#8685,#8681);
#8709=IFCCARTESIANPOINT((2.2204460492503131E-16,0.,0.));
#8710=IFCDIRECTION((0.,0.,1.));
#8711=IFCDIRECTION((1.,0.,0.));
#8712=IFCAXIS2PLACEMENT3D(#8709,#8710,#8711);
#8713=IFCLOCALPLACEMENT(#7908,#8712);
#8714=IFCCARTESIANPOINT((-2.2204460492503131E-16,8.8817841970012523E-16,0.));
#8715=IFCDIRECTION((0.,0.,1.));
#8716=IFCDIRECTION((1.,0.,0.));
#8717=IFCAXIS2PLACEMENT3D(#8714,#8715,#8716);
#8718=IFCLOCALPLACEMENT(#8309,#8717);
#8719=IFCCARTESIANPOINT((2.7755575615628914E-17,0.,0.));
#8720=IFCDIRECTION((0.,0.,1.));
#8721=IFCDIRECTION((1.,0.,0.));
#8722=IFCAXIS2PLACEMENT3D(#8719,#8720,#8721);
#8723=IFCLOCALPLACEMENT(#8418,#8722);
#8724=IFCCARTESIANPOINT((0.,0.,0.));
#8725=IFCDIRECTION((0.,0.,1.));
#8726=IFCDIRECTION((1.,0.,0.));
#8727=IFCAXIS2PLACEMENT3D(#8724,#8725,#8726);
#8728=IFCLOCALPLACEMENT(#8622,#8727);
#8734=IFCCARTESIANPOINT((0.,0.,3.));
#8735=IFCDIRECTION((0.,0.,1.));
#8736=IFCDIRECTION((1.,0.,0.));
#8737=IFCAXIS2PLACEMENT3D(#8734,#8735,#8736);
#8738=IFCLOCALPLACEMENT(#56,#8737);
#8749=IFCWALLTYPE('3Wlj5ZkbHDzxjv6hK5jjrD',$,'',$,$,(#8750),$,$,$,.SOLIDWALL.);
#8750=IFCPROPERTYSET('2nd0iXfIn5egGVVcR97kdR',$,'EPset_Parametric',$,(#8751));
#8751=IFCPROPERTYSINGLEVALUE('LayerSetDirection',$,IFCLABEL('AXIS2'),$);
#8752=IFCRELASSOCIATESMATERIAL('0dDwmjTwv65vefNJTZNWgD',$,$,$,(#8749),#8753);
#8753=IFCMATERIALLAYERSET((#8754),$,$);
#8754=IFCMATERIALLAYER(#81,0.10000000000000001,$,$,$,$,$);
#8755=IFCWALL('2LdXYhoNT8jPtZAIQvWmq_',$,'Wall',$,$,#8766,#8761,$,$);
#8756=IFCMATERIALLAYERSETUSAGE(#82,.AXIS2.,.POSITIVE.,0.,$);
#8757=IFCRELASSOCIATESMATERIAL('39iqAeDqf5VwiBPbRN8WS8',$,$,$,(#8755),#8756);
#8761=IFCPRODUCTDEFINITIONSHAPE($,$,(#9969,#9966));
#8762=IFCCARTESIANPOINT((4.2423977851867676,-4.0516948699951172,0.));
#8763=IFCDIRECTION((0.,0.,1.));
#8764=IFCDIRECTION((7.5497901264043109E-08,0.99999999999999711,0.));
#8765=IFCAXIS2PLACEMENT3D(#8762,#8763,#8764);
#8766=IFCLOCALPLACEMENT(#8738,#8765);
#8777=IFCPROPERTYSET('29B3eUHGX3GgHWKIeu8ZNO',$,'EPset_Parametric',$,(#8779));
#8778=IFCRELDEFINESBYPROPERTIES('28aUnaDM94HxUWN$Q93Qh3',$,$,$,(#8755),#8777);
#8779=IFCPROPERTYSINGLEVALUE('Engine',$,IFCLABEL('Bonsai.DumbLayer2'),$);
#8780=IFCWALL('2vEsZOgPL7GhTdKeE8Yv1y',$,'Wall',$,$,#9153,#8786,$,$);
#8781=IFCMATERIALLAYERSETUSAGE(#82,.AXIS2.,.POSITIVE.,0.,$);
#8782=IFCRELASSOCIATESMATERIAL('3q8XpUAOHD7xzQqqIdjAFM',$,$,$,(#8780),#8781);
#8786=IFCPRODUCTDEFINITIONSHAPE($,$,(#9607,#9604));
#8802=IFCPROPERTYSET('24QEePKDPCoQ08qbg1chRO',$,'EPset_Parametric',$,(#8804));
#8803=IFCRELDEFINESBYPROPERTIES('0kDHaakAv5swkcKZ5KlY$3',$,$,$,(#8780),#8802);
#8804=IFCPROPERTYSINGLEVALUE('Engine',$,IFCLABEL('Bonsai.DumbLayer2'),$);
#8830=IFCWALL('2NHThvWXz23hQbT3cD5OKC',$,'Wall',$,$,#9540,#8836,$,$);
#8831=IFCMATERIALLAYERSETUSAGE(#82,.AXIS2.,.POSITIVE.,0.,$);
#8832=IFCRELASSOCIATESMATERIAL('0bAnD58RH0DwZe6y5WiHyg',$,$,$,(#8830),#8831);
#8836=IFCPRODUCTDEFINITIONSHAPE($,$,(#9535,#9532));
#8852=IFCPROPERTYSET('0aWza9vRf4ARzR2MY1ow66',$,'EPset_Parametric',$,(#8854));
#8853=IFCRELDEFINESBYPROPERTIES('1IiK4y7jnDjOEbU9RsQ5ql',$,$,$,(#8830),#8852);
#8854=IFCPROPERTYSINGLEVALUE('Engine',$,IFCLABEL('Bonsai.DumbLayer2'),$);
#8855=IFCWALL('2FKBhhn7jAehkYcy1V01UD',$,'Wall',$,$,#9244,#8861,$,$);
#8856=IFCMATERIALLAYERSETUSAGE(#82,.AXIS2.,.POSITIVE.,0.,$);
#8857=IFCRELASSOCIATESMATERIAL('2mjarcqM11b8IIPEYZSr4c',$,$,$,(#8855),#8856);
#8861=IFCPRODUCTDEFINITIONSHAPE($,$,(#9289,#9286));
#8877=IFCPROPERTYSET('1zMocVjyTAQuqPZTWUmeGh',$,'EPset_Parametric',$,(#8879));
#8878=IFCRELDEFINESBYPROPERTIES('1$9kI61ZP49BKDUwLQ3ilY',$,$,$,(#8855),#8877);
#8879=IFCPROPERTYSINGLEVALUE('Engine',$,IFCLABEL('Bonsai.DumbLayer2'),$);
#8880=IFCWALL('21cjfAN8H74AXhKeThaf2c',$,'Wall',$,$,#9276,#8886,$,$);
#8881=IFCMATERIALLAYERSETUSAGE(#82,.AXIS2.,.POSITIVE.,0.,$);
#8882=IFCRELASSOCIATESMATERIAL('3xf8fonVb7vQ1_wB$uNyJ$',$,$,$,(#8880),#8881);
#8886=IFCPRODUCTDEFINITIONSHAPE($,$,(#9321,#9318));
#8902=IFCPROPERTYSET('1LmfYlXtnC4OxYtxmc52ja',$,'EPset_Parametric',$,(#8904));
#8903=IFCRELDEFINESBYPROPERTIES('3tcZtQcC1BDA9jxaoSbP5F',$,$,$,(#8880),#8902);
#8904=IFCPROPERTYSINGLEVALUE('Engine',$,IFCLABEL('Bonsai.DumbLayer2'),$);
#8905=IFCWALL('1ICcvUKrnCtB62l$ieBKHG',$,'Wall',$,$,#9308,#8911,$,$);
#8906=IFCMATERIALLAYERSETUSAGE(#82,.AXIS2.,.POSITIVE.,0.,$);
#8907=IFCRELASSOCIATESMATERIAL('3P_zeuv0TBWxPuuI8BKTdQ',$,$,$,(#8905),#8906);
#8911=IFCPRODUCTDEFINITIONSHAPE($,$,(#10020,#10017));
#8927=IFCPROPERTYSET('11jUoGg25D6RCDpKrWnYHv',$,'EPset_Parametric',$,(#8929));
#8928=IFCRELDEFINESBYPROPERTIES('3ZK1JZgg93I8LRiGD3sqY_',$,$,$,(#8905),#8927);
#8929=IFCPROPERTYSINGLEVALUE('Engine',$,IFCLABEL('Bonsai.DumbLayer2'),$);
#9135=IFCRELCONNECTSPATHELEMENTS('0Ggov6S6z1WRe8T5KN_eoh',$,$,$,$,#8780,#8755,(),(),.ATEND.,.ATSTART.);
#9149=IFCCARTESIANPOINT((4.2423985854645494,6.5483055114746227,0.));
#9150=IFCDIRECTION((0.,0.,1.));
#9151=IFCDIRECTION((-0.99999999999999623,8.7422776573475527E-08,0.));
#9152=IFCAXIS2PLACEMENT3D(#9149,#9150,#9151);
#9153=IFCLOCALPLACEMENT(#8738,#9152);
#9226=IFCRELCONNECTSPATHELEMENTS('2ssRdLZbz0Ox3JQ1Y1D9Lk',$,$,$,$,#8855,#8830,(),(),.ATEND.,.ATSTART.);
#9240=IFCCARTESIANPOINT((-3.2576014995575604,5.4483069503216619,0.));
#9241=IFCDIRECTION((0.,0.,1.));
#9242=IFCDIRECTION((7.5497901264043123E-08,-0.99999999999999722,0.));
#9243=IFCAXIS2PLACEMENT3D(#9240,#9241,#9242);
#9244=IFCLOCALPLACEMENT(#8738,#9243);
#9258=IFCRELCONNECTSPATHELEMENTS('0Jgv2ySK95vfllgeZbn8_W',$,$,$,$,#8880,#8855,(),(),.ATEND.,.ATSTART.);
#9272=IFCCARTESIANPOINT((-3.2576009635224028,-1.6516938209820204,0.));
#9273=IFCDIRECTION((0.,0.,1.));
#9274=IFCDIRECTION((0.99999988287698438,-0.00048398968748207657,0.));
#9275=IFCAXIS2PLACEMENT3D(#9272,#9273,#9274);
#9276=IFCLOCALPLACEMENT(#8738,#9275);
#9277=IFCCARTESIANPOINTLIST2D(((0.,0.),(0.10000004649123768,0.10000000000000001),(7.0000491661119533,0.10000000000000001),(7.1000007713037023,0.)));
#9278=IFCINDEXEDPOLYCURVE(#9277,(IFCLINEINDEX((1,2,3,4,1))),$);
#9279=IFCARBITRARYCLOSEDPROFILEDEF(.AREA.,$,#9278);
#9280=IFCCARTESIANPOINT((0.,0.,0.));
#9281=IFCDIRECTION((0.,0.,1.));
#9282=IFCDIRECTION((1.,0.,0.));
#9283=IFCAXIS2PLACEMENT3D(#9280,#9281,#9282);
#9284=IFCDIRECTION((0.,0.,1.));
#9285=IFCEXTRUDEDAREASOLID(#9279,#9283,#9284,3.);
#9286=IFCSHAPEREPRESENTATION(#11,'Body','SweptSolid',(#9285));
#9287=IFCCARTESIANPOINTLIST2D(((0.,0.),(7.1000007713037023,0.)));
#9288=IFCINDEXEDPOLYCURVE(#9287,$,$);
#9289=IFCSHAPEREPRESENTATION(#23,'Axis','Curve2D',(#9288));
#9290=IFCRELCONNECTSPATHELEMENTS('09SrOTBwP5aQtZbC6Jwq9D',$,$,$,$,#8905,#8880,(),(),.ATEND.,.ATSTART.);
#9304=IFCCARTESIANPOINT((0.32666564260678632,-1.6534285692597521,0.));
#9305=IFCDIRECTION((0.,0.,1.));
#9306=IFCDIRECTION((-0.026114279974169246,-0.99965896403795163,0.));
#9307=IFCAXIS2PLACEMENT3D(#9304,#9305,#9306);
#9308=IFCLOCALPLACEMENT(#8738,#9307);
#9309=IFCCARTESIANPOINTLIST2D(((0.,0.),(0.099951605191748505,0.10000000000000001),(3.6868637756268816,0.10000000000000001),(3.5842670259293525,0.)));
#9310=IFCINDEXEDPOLYCURVE(#9309,(IFCLINEINDEX((1,2,3,4,1))),$);
#9311=IFCARBITRARYCLOSEDPROFILEDEF(.AREA.,$,#9310);
#9312=IFCCARTESIANPOINT((0.,0.,0.));
#9313=IFCDIRECTION((0.,0.,1.));
#9314=IFCDIRECTION((1.,0.,0.));
#9315=IFCAXIS2PLACEMENT3D(#9312,#9313,#9314);
#9316=IFCDIRECTION((0.,0.,1.));
#9317=IFCEXTRUDEDAREASOLID(#9311,#9315,#9316,3.);
#9318=IFCSHAPEREPRESENTATION(#11,'Body','SweptSolid',(#9317));
#9319=IFCCARTESIANPOINTLIST2D(((0.,0.),(3.5842670259293525,0.)));
#9320=IFCINDEXEDPOLYCURVE(#9319,$,$);
#9321=IFCSHAPEREPRESENTATION(#23,'Axis','Curve2D',(#9320));
#9408=IFCWALL('3o4BQ2Zzb9svJuzB7Sf0Yl',$,'Wall',$,$,#9419,#9414,$,$);
#9409=IFCMATERIALLAYERSETUSAGE(#82,.AXIS2.,.POSITIVE.,0.,$);
#9410=IFCRELASSOCIATESMATERIAL('2SwnafoTf3Egn43x5C5IKl',$,$,$,(#9408),#9409);
#9414=IFCPRODUCTDEFINITIONSHAPE($,$,(#9661,#9658));
#9415=IFCCARTESIANPOINT((0.42931076884269714,-1.5534782409667969,0.));
#9416=IFCDIRECTION((0.,0.,1.));
#9417=IFCDIRECTION((7.5497901264043109E-08,0.99999999999999711,0.));
#9418=IFCAXIS2PLACEMENT3D(#9415,#9416,#9417);
#9419=IFCLOCALPLACEMENT(#8738,#9418);
#9430=IFCPROPERTYSET('26js8pWP1BexaxykhDastS',$,'EPset_Parametric',$,(#9432));
#9431=IFCRELDEFINESBYPROPERTIES('28u9x9jgz40BagRAv6$vd7',$,$,$,(#9408),#9430);
#9432=IFCPROPERTYSINGLEVALUE('Engine',$,IFCLABEL('Bonsai.DumbLayer2'),$);
#9446=IFCWALL('2JYW9dm9D1rQwpa8CiGhXG',$,'Wall',$,$,#9457,#9452,$,$);
#9447=IFCMATERIALLAYERSETUSAGE(#82,.AXIS2.,.POSITIVE.,0.,$);
#9448=IFCRELASSOCIATESMATERIAL('2Zgtiu2jf09wW2Ki8wVuaF',$,$,$,(#9446),#9447);
#9452=IFCPRODUCTDEFINITIONSHAPE($,$,(#9648,#9645));
#9453=IFCCARTESIANPOINT((-3.2139372825622559,2.4842562675476074,0.));
#9454=IFCDIRECTION((0.,0.,1.));
#9455=IFCDIRECTION((0.9999999999836291,-5.7220458983438249E-06,0.));
#9456=IFCAXIS2PLACEMENT3D(#9453,#9454,#9455);
#9457=IFCLOCALPLACEMENT(#8738,#9456);
#9468=IFCPROPERTYSET('2Uwvr4Uxz8meHcxivvWOr9',$,'EPset_Parametric',$,(#9470));
#9469=IFCRELDEFINESBYPROPERTIES('3XDV9eNr1ENeDB0f$8kauf',$,$,$,(#9446),#9468);
#9470=IFCPROPERTYSINGLEVALUE('Engine',$,IFCLABEL('Bonsai.DumbLayer2'),$);
#9484=IFCWALL('2FfIiHQwX02uI4CYitEz7A',$,'Wall',$,$,#9495,#9490,$,$);
#9485=IFCMATERIALLAYERSETUSAGE(#82,.AXIS2.,.POSITIVE.,0.,$);
#9486=IFCRELASSOCIATESMATERIAL('3k15Q7Usv26xl$r_N1nK4P',$,$,$,(#9484),#9485);
#9490=IFCPRODUCTDEFINITIONSHAPE($,$,(#9675,#9672));
#9491=IFCCARTESIANPOINT((1.3465085029602051,0.37280058860778809,0.));
#9492=IFCDIRECTION((0.,0.,1.));
#9493=IFCDIRECTION((1.,0.,0.));
#9494=IFCAXIS2PLACEMENT3D(#9491,#9492,#9493);
#9495=IFCLOCALPLACEMENT(#8738,#9494);
#9506=IFCPROPERTYSET('2KCSKrbE58ixnDEQgN3tYQ',$,'EPset_Parametric',$,(#9508));
#9507=IFCRELDEFINESBYPROPERTIES('0rGfoo4_z7b8zzjR60o0c_',$,$,$,(#9484),#9506);
#9508=IFCPROPERTYSINGLEVALUE('Engine',$,IFCLABEL('Bonsai.DumbLayer2'),$);
#9522=IFCRELCONNECTSPATHELEMENTS('0CQBN6bej1xfUQdba9imb3',$,$,$,$,#8830,#9408,(),(),.ATPATH.,.ATSTART.);
#9523=IFCCARTESIANPOINTLIST2D(((0.10000000000000495,0.),(0.099999968608358331,0.10000000000000001),(3.5869127505292777,0.10000000000000001),(3.6869127970205153,0.)));
#9524=IFCINDEXEDPOLYCURVE(#9523,(IFCLINEINDEX((1,2,3,4,1))),$);
#9525=IFCARBITRARYCLOSEDPROFILEDEF(.AREA.,$,#9524);
#9526=IFCCARTESIANPOINT((0.,0.,0.));
#9527=IFCDIRECTION((0.,0.,1.));
#9528=IFCDIRECTION((1.,0.,0.));
#9529=IFCAXIS2PLACEMENT3D(#9526,#9527,#9528);
#9530=IFCDIRECTION((0.,0.,1.));
#9531=IFCEXTRUDEDAREASOLID(#9525,#9529,#9530,3.);
#9532=IFCSHAPEREPRESENTATION(#11,'Body','SweptSolid',(#9531));
#9533=IFCCARTESIANPOINTLIST2D(((0.,0.),(3.6869127970205153,0.)));
#9534=IFCINDEXEDPOLYCURVE(#9533,$,$);
#9535=IFCSHAPEREPRESENTATION(#23,'Axis','Curve2D',(#9534));
#9536=IFCCARTESIANPOINT((0.42931129746267582,5.4483055145848471,0.));
#9537=IFCDIRECTION((0.,0.,1.));
#9538=IFCDIRECTION((-0.99999999999992428,3.8941436741876494E-07,0.));
#9539=IFCAXIS2PLACEMENT3D(#9536,#9537,#9538);
#9540=IFCLOCALPLACEMENT(#8738,#9539);
#9581=IFCRELCONNECTSPATHELEMENTS('1pGpJX2AD2e9PAwoNPCif5',$,$,$,$,#9408,#8780,(),(),.ATEND.,.ATEND.);
#9595=IFCCARTESIANPOINTLIST2D(((0.,0.),(0.09999999880751248,0.10000000000000001),(3.8130872037616843,0.10000000000000001),(3.9130872049541718,0.)));
#9596=IFCINDEXEDPOLYCURVE(#9595,(IFCLINEINDEX((1,2,3,4,1))),$);
#9597=IFCARBITRARYCLOSEDPROFILEDEF(.AREA.,$,#9596);
#9598=IFCCARTESIANPOINT((0.,0.,0.));
#9599=IFCDIRECTION((0.,0.,1.));
#9600=IFCDIRECTION((1.,0.,0.));
#9601=IFCAXIS2PLACEMENT3D(#9598,#9599,#9600);
#9602=IFCDIRECTION((0.,0.,1.));
#9603=IFCEXTRUDEDAREASOLID(#9597,#9601,#9602,3.);
#9604=IFCSHAPEREPRESENTATION(#11,'Body','SweptSolid',(#9603));
#9605=IFCCARTESIANPOINTLIST2D(((0.,0.),(3.8130872049541717,0.)));
#9606=IFCINDEXEDPOLYCURVE(#9605,$,$);
#9607=IFCSHAPEREPRESENTATION(#23,'Axis','Curve2D',(#9606));
#9635=IFCRELCONNECTSPATHELEMENTS('36V0NYE3jCOO1neK3ZJjit',$,$,$,$,#9446,#9408,(),(),.ATPATH.,.ATEND.);
#9636=IFCCARTESIANPOINTLIST2D(((0.,0.),(0.,0.10000000000000001),(3.5432477916471097,0.10000000000000001),(3.543248356301909,0.)));
#9637=IFCINDEXEDPOLYCURVE(#9636,(IFCLINEINDEX((1,2,3,4,1))),$);
#9638=IFCARBITRARYCLOSEDPROFILEDEF(.AREA.,$,#9637);
#9639=IFCCARTESIANPOINT((0.,0.,0.));
#9640=IFCDIRECTION((0.,0.,1.));
#9641=IFCDIRECTION((1.,0.,0.));
#9642=IFCAXIS2PLACEMENT3D(#9639,#9640,#9641);
#9643=IFCDIRECTION((0.,0.,1.));
#9644=IFCEXTRUDEDAREASOLID(#9638,#9642,#9643,3.);
#9645=IFCSHAPEREPRESENTATION(#11,'Body','SweptSolid',(#9644));
#9646=IFCCARTESIANPOINTLIST2D(((0.,0.),(3.6432483563035034,0.)));
#9647=IFCINDEXEDPOLYCURVE(#9646,$,$);
#9648=IFCSHAPEREPRESENTATION(#23,'Axis','Curve2D',(#9647));
#9649=IFCCARTESIANPOINTLIST2D(((0.,0.),(0.,0.10000000000000001),(8.1017840869846012,0.10000000000000001),(8.0017840857921136,0.)));
#9650=IFCINDEXEDPOLYCURVE(#9649,(IFCLINEINDEX((1,2,3,4,1))),$);
#9651=IFCARBITRARYCLOSEDPROFILEDEF(.AREA.,$,#9650);
#9652=IFCCARTESIANPOINT((0.,0.,0.));
#9653=IFCDIRECTION((0.,0.,1.));
#9654=IFCDIRECTION((1.,0.,0.));
#9655=IFCAXIS2PLACEMENT3D(#9652,#9653,#9654);
#9656=IFCDIRECTION((0.,0.,1.));
#9657=IFCEXTRUDEDAREASOLID(#9651,#9655,#9656,3.);
#9658=IFCSHAPEREPRESENTATION(#11,'Body','SweptSolid',(#9657));
#9659=IFCCARTESIANPOINTLIST2D(((0.,0.),(8.1017840857921133,0.)));
#9660=IFCINDEXEDPOLYCURVE(#9659,$,$);
#9661=IFCSHAPEREPRESENTATION(#23,'Axis','Curve2D',(#9660));
#9662=IFCRELCONNECTSPATHELEMENTS('0fBSp44C99uBGkcSpghOJm',$,$,$,$,#9484,#8755,(),(),.ATPATH.,.ATEND.);
#9663=IFCCARTESIANPOINTLIST2D(((0.,0.),(0.,0.10000000000000001),(2.7958896238164739,0.10000000000000001),(2.7958896162666838,0.)));
#9664=IFCINDEXEDPOLYCURVE(#9663,(IFCLINEINDEX((1,2,3,4,1))),$);
#9665=IFCARBITRARYCLOSEDPROFILEDEF(.AREA.,$,#9664);
#9666=IFCCARTESIANPOINT((0.,0.,0.));
#9667=IFCDIRECTION((0.,0.,1.));
#9668=IFCDIRECTION((1.,0.,0.));
#9669=IFCAXIS2PLACEMENT3D(#9666,#9667,#9668);
#9670=IFCDIRECTION((0.,0.,1.));
#9671=IFCEXTRUDEDAREASOLID(#9665,#9669,#9670,3.);
#9672=IFCSHAPEREPRESENTATION(#11,'Body','SweptSolid',(#9671));
#9673=IFCCARTESIANPOINTLIST2D(((0.,0.),(2.8958896162666838,0.)));
#9674=IFCINDEXEDPOLYCURVE(#9673,$,$);
#9675=IFCSHAPEREPRESENTATION(#23,'Axis','Curve2D',(#9674));
#9765=IFCWALL('3S2$OCX6T7Pe$KexxjdJpg',$,'Wall',$,$,#10006,#9771,$,$);
#9766=IFCMATERIALLAYERSETUSAGE(#82,.AXIS2.,.POSITIVE.,0.,$);
#9767=IFCRELASSOCIATESMATERIAL('04J$T9LrH859G2_xog3NPB',$,$,$,(#9765),#9766);
#9771=IFCPRODUCTDEFINITIONSHAPE($,$,(#10033,#10030));
#9787=IFCPROPERTYSET('3os2U5aq12ww7nEOFJwdt_',$,'EPset_Parametric',$,(#9789));
#9788=IFCRELDEFINESBYPROPERTIES('3yENGY8vXA5flosy4KWhrl',$,$,$,(#9765),#9787);
#9789=IFCPROPERTYSINGLEVALUE('Engine',$,IFCLABEL('Bonsai.DumbLayer2'),$);
#9803=IFCWALL('3DuenRMFT20PoZvlBau2sb',$,'Wall',$,$,#9988,#9809,$,$);
#9804=IFCMATERIALLAYERSETUSAGE(#82,.AXIS2.,.POSITIVE.,0.,$);
#9805=IFCRELASSOCIATESMATERIAL('0XyoTh$yrCde4Iqt4NPUZZ',$,$,$,(#9803),#9804);
#9809=IFCPRODUCTDEFINITIONSHAPE($,$,(#9983,#9980));
#9825=IFCPROPERTYSET('1ZR7iTD5n8iRwft7ouJGdC',$,'EPset_Parametric',$,(#9827));
#9826=IFCRELDEFINESBYPROPERTIES('2apbgBWWb5fRGinwi2lZtb',$,$,$,(#9803),#9825);
#9827=IFCPROPERTYSINGLEVALUE('Engine',$,IFCLABEL('Bonsai.DumbLayer2'),$);
#9828=IFCWALL('2cI2V1_uz1vwIyP6ma5dRu',$,'Wall',$,$,#9897,#9834,$,$);
#9829=IFCMATERIALLAYERSETUSAGE(#82,.AXIS2.,.POSITIVE.,0.,$);
#9830=IFCRELASSOCIATESMATERIAL('0suD255cf4mv0RlYz6W$Qb',$,$,$,(#9828),#9829);
#9834=IFCPRODUCTDEFINITIONSHAPE($,$,(#9956,#9953));
#9850=IFCPROPERTYSET('0ZOAQ1coz4AvijN3YtnARN',$,'EPset_Parametric',$,(#9852));
#9851=IFCRELDEFINESBYPROPERTIES('1i8W0W$5f1xvKdSgHjbt4L',$,$,$,(#9828),#9850);
#9852=IFCPROPERTYSINGLEVALUE('Engine',$,IFCLABEL('Bonsai.DumbLayer2'),$);
#9879=IFCRELCONNECTSPATHELEMENTS('0jZPqctcnCtQIp339kiavs',$,$,$,$,#9828,#9803,(),(),.ATEND.,.ATSTART.);
#9893=IFCCARTESIANPOINT((1.851367438195668,-3.1598539352416992,0.));
#9894=IFCDIRECTION((0.,0.,1.));
#9895=IFCDIRECTION((1.,0.,0.));
#9896=IFCAXIS2PLACEMENT3D(#9893,#9894,#9895);
#9897=IFCLOCALPLACEMENT(#8738,#9896);
#9943=IFCRELCONNECTSPATHELEMENTS('1ndPEwp697V8IU4dInS1sU',$,$,$,$,#9828,#8755,(),(),.ATPATH.,.ATEND.);
#9944=IFCCARTESIANPOINTLIST2D(((0.,0.),(0.099999992450210171,0.10000000000000001),(2.2910304218730082,0.10000000000000001),(2.2910304143232181,0.)));
#9945=IFCINDEXEDPOLYCURVE(#9944,(IFCLINEINDEX((1,2,3,4,1))),$);
#9946=IFCARBITRARYCLOSEDPROFILEDEF(.AREA.,$,#9945);
#9947=IFCCARTESIANPOINT((0.,0.,0.));
#9948=IFCDIRECTION((0.,0.,1.));
#9949=IFCDIRECTION((1.,0.,0.));
#9950=IFCAXIS2PLACEMENT3D(#9947,#9948,#9949);
#9951=IFCDIRECTION((0.,0.,1.));
#9952=IFCEXTRUDEDAREASOLID(#9946,#9950,#9951,3.);
#9953=IFCSHAPEREPRESENTATION(#11,'Body','SweptSolid',(#9952));
#9954=IFCCARTESIANPOINTLIST2D(((0.,0.),(2.3910304143232186,0.)));
#9955=IFCINDEXEDPOLYCURVE(#9954,$,$);
#9956=IFCSHAPEREPRESENTATION(#23,'Axis','Curve2D',(#9955));
#9957=IFCCARTESIANPOINTLIST2D(((0.,0.),(0.,0.10000000000000001),(10.500000382662257,0.10000000000000001),(10.600000381469769,0.)));
#9958=IFCINDEXEDPOLYCURVE(#9957,(IFCLINEINDEX((1,2,3,4,1))),$);
#9959=IFCARBITRARYCLOSEDPROFILEDEF(.AREA.,$,#9958);
#9960=IFCCARTESIANPOINT((0.,0.,0.));
#9961=IFCDIRECTION((0.,0.,1.));
#9962=IFCDIRECTION((1.,0.,0.));
#9963=IFCAXIS2PLACEMENT3D(#9960,#9961,#9962);
#9964=IFCDIRECTION((0.,0.,1.));
#9965=IFCEXTRUDEDAREASOLID(#9959,#9963,#9964,3.);
#9966=IFCSHAPEREPRESENTATION(#11,'Body','SweptSolid',(#9965));
#9967=IFCCARTESIANPOINTLIST2D(((0.,0.),(10.600000381469769,0.)));
#9968=IFCINDEXEDPOLYCURVE(#9967,$,$);
#9969=IFCSHAPEREPRESENTATION(#23,'Axis','Curve2D',(#9968));
#9970=IFCRELCONNECTSPATHELEMENTS('0CkCHPgND5Q9KGNOWJXu7h',$,$,$,$,#9803,#9765,(),(),.ATSTART.,.ATSTART.);
#9971=IFCCARTESIANPOINTLIST2D(((0.10000000000000134,0.),(1.6292067783752032E-08,0.10000000000000001),(1.0099999256655201,0.10000000000000001),(1.1099999181157303,0.)));
#9972=IFCINDEXEDPOLYCURVE(#9971,(IFCLINEINDEX((1,2,3,4,1))),$);
#9973=IFCARBITRARYCLOSEDPROFILEDEF(.AREA.,$,#9972);
#9974=IFCCARTESIANPOINT((0.,0.,0.));
#9975=IFCDIRECTION((0.,0.,1.));
#9976=IFCDIRECTION((1.,0.,0.));
#9977=IFCAXIS2PLACEMENT3D(#9974,#9975,#9976);
#9978=IFCDIRECTION((0.,0.,1.));
#9979=IFCEXTRUDEDAREASOLID(#9973,#9977,#9978,3.);
#9980=IFCSHAPEREPRESENTATION(#11,'Body','SweptSolid',(#9979));
#9981=IFCCARTESIANPOINTLIST2D(((0.,0.),(1.1099999181157303,0.)));
#9982=IFCINDEXEDPOLYCURVE(#9981,$,$);
#9983=IFCSHAPEREPRESENTATION(#23,'Axis','Curve2D',(#9982));
#9984=IFCCARTESIANPOINT((1.8513673543930036,-2.049854017125972,0.));
#9985=IFCDIRECTION((0.,0.,1.));
#9986=IFCDIRECTION((7.5497901264043123E-08,-0.99999999999999722,0.));
#9987=IFCAXIS2PLACEMENT3D(#9984,#9985,#9986);
#9988=IFCLOCALPLACEMENT(#8738,#9987);
#10002=IFCCARTESIANPOINT((1.8513673543930036,-2.0498540171259716,0.));
#10003=IFCDIRECTION((0.,0.,1.));
#10004=IFCDIRECTION((-0.99999999999999623,8.7422776573475527E-08,0.));
#10005=IFCAXIS2PLACEMENT3D(#10002,#10003,#10004);
#10006=IFCLOCALPLACEMENT(#8738,#10005);
#10007=IFCRELCONNECTSPATHELEMENTS('3d94MvYQj6ywUyEeag6Uh8',$,$,$,$,#8905,#9765,(),(),.ATEND.,.ATEND.);
#10008=IFCCARTESIANPOINTLIST2D(((0.,0.),(-0.10259674969752873,0.10000000000000001),(0.39394824493377278,0.10000000000000001),(0.49659467007990432,0.)));
#10009=IFCINDEXEDPOLYCURVE(#10008,(IFCLINEINDEX((1,2,3,4,1))),$);
#10010=IFCARBITRARYCLOSEDPROFILEDEF(.AREA.,$,#10009);
#10011=IFCCARTESIANPOINT((0.,0.,0.));
#10012=IFCDIRECTION((0.,0.,1.));
#10013=IFCDIRECTION((1.,0.,0.));
#10014=IFCAXIS2PLACEMENT3D(#10011,#10012,#10013);
#10015=IFCDIRECTION((0.,0.,1.));
#10016=IFCEXTRUDEDAREASOLID(#10010,#10014,#10015,3.);
#10017=IFCSHAPEREPRESENTATION(#11,'Body','SweptSolid',(#10016));
#10018=IFCCARTESIANPOINTLIST2D(((0.,0.),(0.39656055507763266,0.)));
#10019=IFCINDEXEDPOLYCURVE(#10018,$,$);
#10020=IFCSHAPEREPRESENTATION(#23,'Axis','Curve2D',(#10019));
#10021=IFCCARTESIANPOINTLIST2D(((-0.10000000000000134,0.),(-1.6292067783752025E-08,0.10000000000000001),(1.5376699152920923,0.10000000000000001),(1.4350234901459606,0.)));
#10022=IFCINDEXEDPOLYCURVE(#10021,(IFCLINEINDEX((1,2,3,4,1))),$);
#10023=IFCARBITRARYCLOSEDPROFILEDEF(.AREA.,$,#10022);
#10024=IFCCARTESIANPOINT((0.,0.,0.));
#10025=IFCDIRECTION((0.,0.,1.));
#10026=IFCDIRECTION((1.,0.,0.));
#10027=IFCAXIS2PLACEMENT3D(#10024,#10025,#10026);
#10028=IFCDIRECTION((0.,0.,1.));
#10029=IFCEXTRUDEDAREASOLID(#10023,#10027,#10028,3.);
#10030=IFCSHAPEREPRESENTATION(#11,'Body','SweptSolid',(#10029));
#10031=IFCCARTESIANPOINTLIST2D(((0.,0.),(1.5350576051482323,0.)));
#10032=IFCINDEXEDPOLYCURVE(#10031,$,$);
#10033=IFCSHAPEREPRESENTATION(#23,'Axis','Curve2D',(#10032));
#10034=IFCSLAB('3wotoJZpH5aOh4$MrldSW8',$,'Slab',$,$,#11041,#10048,$,$);
#10035=IFCMATERIALLAYERSETUSAGE(#8428,.AXIS3.,.POSITIVE.,-0.10000000149011612,$);
#10036=IFCRELASSOCIATESMATERIAL('1tmHKLahf1zORWRHwREt3X',$,$,$,(#10034),#10035);
#10042=IFCCARTESIANPOINTLIST2D(((0.,0.),(-3.9099783897399902,4.76837158203125E-07),(-3.9130873680114746,-1.0999999046325684),(-7.5,-1.0999984741210938),(-7.4999990463256836,-8.1999988555908203),(-4.051152229309082,-8.2016687393188477),(0.,0.)));
#10043=IFCINDEXEDPOLYCURVE(#10042,$,$);
#10044=IFCDIRECTION((0.,0.,1.));
#10045=IFCARBITRARYCLOSEDPROFILEDEF(.AREA.,$,#10043);
#10046=IFCEXTRUDEDAREASOLID(#10045,#10055,#10044,0.10000000000000001);
#10047=IFCSHAPEREPRESENTATION(#11,'Body','SweptSolid',(#10046));
#10048=IFCPRODUCTDEFINITIONSHAPE($,$,(#10047));
#10049=IFCPROPERTYSET('2V5RXC_HzBUQrIOxnupZ13',$,'EPset_Parametric',$,(#10051));
#10050=IFCRELDEFINESBYPROPERTIES('3AJbHfZLjDxRjqTVyaU5UR',$,$,$,(#10034),#10049);
#10051=IFCPROPERTYSINGLEVALUE('Engine',$,IFCLABEL('Bonsai.DumbLayer3'),$);
#10052=IFCCARTESIANPOINT((-0.,-0.,-0.10000000149011612));
#10053=IFCDIRECTION((0.,0.,1.));
#10054=IFCDIRECTION((1.,0.,0.));
#10055=IFCAXIS2PLACEMENT3D(#10052,#10053,#10054);
#10056=IFCSLAB('0lcdi8$xrFAQgDW7PudnqV',$,'Slab',$,$,#10063,#10070,$,$);
#10057=IFCMATERIALLAYERSETUSAGE(#8428,.AXIS3.,.POSITIVE.,-0.10000000149011612,$);
#10058=IFCRELASSOCIATESMATERIAL('2ZMXavk6D9lh9E1WvKR7E2',$,$,$,(#10056),#10057);
#10059=IFCCARTESIANPOINT((-3.2576003074645996,-1.6516933441162109,0.));
#10060=IFCDIRECTION((0.,0.,1.));
#10061=IFCDIRECTION((1.,0.,0.));
#10062=IFCAXIS2PLACEMENT3D(#10059,#10060,#10061);
#10063=IFCLOCALPLACEMENT(#8738,#10062);
#10064=IFCCARTESIANPOINTLIST2D(((0.,0.),(0.,-1.4000000953674316),(5.0999999046325684,-1.3999996185302734),(5.1089677810668945,-0.49816060066223145),(3.5712976455688477,-0.49816036224365234),(3.5842659473419189,-0.0017352104187011719),(0.,0.)));
#10065=IFCINDEXEDPOLYCURVE(#10064,$,$);
#10066=IFCDIRECTION((0.,0.,1.));
#10067=IFCARBITRARYCLOSEDPROFILEDEF(.AREA.,$,#10065);
#10068=IFCEXTRUDEDAREASOLID(#10067,#10077,#10066,0.10000000000000001);
#10069=IFCSHAPEREPRESENTATION(#11,'Body','SweptSolid',(#10068));
#10070=IFCPRODUCTDEFINITIONSHAPE($,$,(#10069));
#10071=IFCPROPERTYSET('0yH$tmRUT55vb3UhBocjDJ',$,'EPset_Parametric',$,(#10073));
#10072=IFCRELDEFINESBYPROPERTIES('05WouiskT9GOgWtS8A9H3q',$,$,$,(#10056),#10071);
#10073=IFCPROPERTYSINGLEVALUE('Engine',$,IFCLABEL('Bonsai.DumbLayer3'),$);
#10074=IFCCARTESIANPOINT((-0.,-0.,-0.10000000149011612));
#10075=IFCDIRECTION((0.,0.,1.));
#10076=IFCDIRECTION((1.,0.,0.));
#10077=IFCAXIS2PLACEMENT3D(#10074,#10075,#10076);
#10100=IFCSLAB('37$ZyjJrT3feHBiWaVELKG',$,'Slab',$,$,#11046,#10114,$,$);
#10101=IFCMATERIALLAYERSETUSAGE(#8428,.AXIS3.,.POSITIVE.,-0.10000000149011612,$);
#10102=IFCRELASSOCIATESMATERIAL('2CVjEU0P1499WJOlQW4IoJ',$,$,$,(#10100),#10101);
#10108=IFCCARTESIANPOINTLIST2D(((0.,0.),(0.07803499698638916,-0.5697476863861084),(2.4690651893615723,-0.56627058982849121),(2.4690661430358887,9.1384115219116211),(0.,0.)));
#10109=IFCINDEXEDPOLYCURVE(#10108,$,$);
#10110=IFCDIRECTION((0.,0.,1.));
#10111=IFCARBITRARYCLOSEDPROFILEDEF(.AREA.,$,#10109);
#10112=IFCEXTRUDEDAREASOLID(#10111,#10121,#10110,0.10000000000000001);
#10113=IFCSHAPEREPRESENTATION(#11,'Body','SweptSolid',(#10112));
#10114=IFCPRODUCTDEFINITIONSHAPE($,$,(#10113));
#10115=IFCPROPERTYSET('1X5pBQ3cTB$wQRyyxZ6anp',$,'EPset_Parametric',$,(#10117));
#10116=IFCRELDEFINESBYPROPERTIES('2qJZ2eFz1DMvVocG0FNemz',$,$,$,(#10100),#10115);
#10117=IFCPROPERTYSINGLEVALUE('Engine',$,IFCLABEL('Bonsai.DumbLayer3'),$);
#10118=IFCCARTESIANPOINT((-0.,-0.,-0.10000000149011612));
#10119=IFCDIRECTION((0.,0.,1.));
#10120=IFCDIRECTION((1.,0.,0.));
#10121=IFCAXIS2PLACEMENT3D(#10118,#10119,#10120);
#10122=IFCWINDOWTYPE('2VEK0dhFr59QsclZIe_T_b',$,'2ndplor',$,$,(#10123),(#10125,#10133,#10219),$,$,.WINDOW.,.SINGLE_PANEL.,$,$);
#10123=IFCPROPERTYSET('0UEUpiZV52cP5UvoDJQJV6',$,'BBIM_Window',$,(#10124));
#10124=IFCPROPERTYSINGLEVALUE('Data',$,IFCTEXT('{"window_type": "DOUBLE_PANEL_VERTICAL", "overall_height": 0.8999999761581421, "overall_width": 0.6873407363891602, "lining_properties": {"lining_depth": 0.05000000074505806, "lining_thickness": 0.05000000074505806, "lining_offset": 0.05000000074505806, "lining_to_panel_offset_x": 0.02500000037252903, "lining_to_panel_offset_y": 0.02500000037252903, "mullion_thickness": 0.05000000074505806, "first_mullion_offset": 0.30000001192092896}, "panel_properties": {"frame_depth": [0.03500000014901161, 0.03500000014901161, 0.03500000014901161], "frame_thickness": [0.03500000014901161, 0.03500000014901161, 0.03500000014901161]}}'),$);
#10125=IFCREPRESENTATIONMAP(#10126,#10130);
#10126=IFCAXIS2PLACEMENT3D(#10127,#10128,#10129);
#10127=IFCCARTESIANPOINT((0.,0.,0.));
#10128=IFCDIRECTION((0.,0.,1.));
#10129=IFCDIRECTION((1.,0.,0.));
#10130=IFCSHAPEREPRESENTATION(#18,'Profile','Curve3D',(#10131));
#10131=IFCINDEXEDPOLYCURVE(#10132,(IFCLINEINDEX((1,2,3,4,1))),$);
#10132=IFCCARTESIANPOINTLIST3D(((0.,0.,0.),(0.68734073638916016,0.,0.),(0.68734073638916016,0.,0.89999997615814209),(0.,0.,0.89999997615814209)));
#10133=IFCREPRESENTATIONMAP(#10134,#10138);
#10134=IFCAXIS2PLACEMENT3D(#10135,#10136,#10137);
#10135=IFCCARTESIANPOINT((0.,0.,0.));
#10136=IFCDIRECTION((0.,0.,1.));
#10137=IFCDIRECTION((1.,0.,0.));
#10138=IFCSHAPEREPRESENTATION(#11,'Body','SweptSolid',(#10139,#10148,#10159,#10170,#10179,#10188,#10199,#10210));
#10139=IFCEXTRUDEDAREASOLID(#10140,#10143,#10147,0.0099999997764825821);
#10140=IFCARBITRARYCLOSEDPROFILEDEF(.AREA.,$,#10141);
#10141=IFCINDEXEDPOLYCURVE(#10142,(IFCLINEINDEX((1,2,3,4,5,6,7,8,1))),$);
#10142=IFCCARTESIANPOINTLIST2D(((0.30000001192092896,0.),(0.,0.),(0.,0.89999997615814209),(0.30000001192092896,0.89999997615814209),(0.30000001192092896,0.87499997578561306),(0.02500000037252903,0.87499997578561306),(0.02500000037252903,0.02500000037252903),(0.30000001192092896,0.02500000037252903)));
#10143=IFCAXIS2PLACEMENT3D(#10144,#10145,#10146);
#10144=IFCCARTESIANPOINT((0.,0.090000001713633537,0.));
#10145=IFCDIRECTION((0.,-1.,0.));
#10146=IFCDIRECTION((1.,0.,0.));
#10147=IFCDIRECTION((0.,0.,-1.));
#10148=IFCEXTRUDEDAREASOLID(#10149,#10154,#10158,0.040000000968575478);
#10149=IFCARBITRARYPROFILEDEFWITHVOIDS(.AREA.,$,#10150,(#10152));
#10150=IFCINDEXEDPOLYCURVE(#10151,(IFCLINEINDEX((1,2,3,4,1))),$);
#10151=IFCCARTESIANPOINTLIST2D(((0.,0.),(0.30000001192092896,0.),(0.30000001192092896,0.89999997615814209),(0.,0.89999997615814209)));
#10152=IFCINDEXEDPOLYCURVE(#10153,(IFCLINEINDEX((1,2,3,4,1))),$);
#10153=IFCCARTESIANPOINTLIST2D(((0.05000000074505806,0.05000000074505806),(0.27500001154839993,0.05000000074505806),(0.27500001154839993,0.84999997541308403),(0.05000000074505806,0.84999997541308403)));
#10154=IFCAXIS2PLACEMENT3D(#10155,#10156,#10157);
#10155=IFCCARTESIANPOINT((0.,0.05000000074505806,0.));
#10156=IFCDIRECTION((0.,-1.,0.));
#10157=IFCDIRECTION((1.,0.,0.));
#10158=IFCDIRECTION((0.,0.,-1.));
#10159=IFCEXTRUDEDAREASOLID(#10160,#10165,#10169,0.035000000149011612);
#10160=IFCARBITRARYPROFILEDEFWITHVOIDS(.AREA.,$,#10161,(#10163));
#10161=IFCINDEXEDPOLYCURVE(#10162,(IFCLINEINDEX((1,2,3,4,1))),$);
#10162=IFCCARTESIANPOINTLIST2D(((0.,0.),(0.27500001154839993,0.),(0.27500001154839993,0.84999997541308403),(0.,0.84999997541308403)));
#10163=IFCINDEXEDPOLYCURVE(#10164,(IFCLINEINDEX((1,2,3,4,1))),$);
#10164=IFCCARTESIANPOINTLIST2D(((0.035000000149011612,0.035000000149011612),(0.24000001139938831,0.035000000149011612),(0.24000001139938831,0.81499997526407242),(0.035000000149011612,0.81499997526407242)));
#10165=IFCAXIS2PLACEMENT3D(#10166,#10167,#10168);
#10166=IFCCARTESIANPOINT((0.02500000037252903,0.090000001713633537,0.02500000037252903));
#10167=IFCDIRECTION((0.,-1.,0.));
#10168=IFCDIRECTION((1.,0.,0.));
#10169=IFCDIRECTION((0.,0.,-1.));
#10170=IFCEXTRUDEDAREASOLID(#10171,#10174,#10178,0.01);
#10171=IFCARBITRARYCLOSEDPROFILEDEF(.AREA.,$,#10172);
#10172=IFCINDEXEDPOLYCURVE(#10173,(IFCLINEINDEX((1,2,3,4,1))),$);
#10173=IFCCARTESIANPOINTLIST2D(((0.035000000149011612,0.035000000149011612),(0.24000001139938831,0.035000000149011612),(0.24000001139938831,0.81499997526407242),(0.035000000149011612,0.81499997526407242)));
#10174=IFCAXIS2PLACEMENT3D(#10175,#10176,#10177);
#10175=IFCCARTESIANPOINT((0.02500000037252903,0.10250000178813934,0.02500000037252903));
#10176=IFCDIRECTION((0.,-1.,0.));
#10177=IFCDIRECTION((1.,0.,0.));
#10178=IFCDIRECTION((0.,0.,-1.));
#10179=IFCEXTRUDEDAREASOLID(#10180,#10183,#10187,0.0099999997764825821);
#10180=IFCARBITRARYCLOSEDPROFILEDEF(.AREA.,$,#10181);
#10181=IFCINDEXEDPOLYCURVE(#10182,(IFCLINEINDEX((1,2,3,4,5,6,7,8,1))),$);
#10182=IFCCARTESIANPOINTLIST2D(((0.,0.89999997615814209),(0.3873407244682312,0.89999997615814209),(0.3873407244682312,0.),(0.,0.),(0.,0.02500000037252903),(0.36234072409570217,0.02500000037252903),(0.36234072409570217,0.87499997578561306),(0.,0.87499997578561306)));
#10183=IFCAXIS2PLACEMENT3D(#10184,#10185,#10186);
#10184=IFCCARTESIANPOINT((0.30000001192092896,0.090000001713633537,0.));
#10185=IFCDIRECTION((0.,-1.,0.));
#10186=IFCDIRECTION((1.,0.,0.));
#10187=IFCDIRECTION((0.,0.,-1.));
#10188=IFCEXTRUDEDAREASOLID(#10189,#10194,#10198,0.040000000968575478);
#10189=IFCARBITRARYPROFILEDEFWITHVOIDS(.AREA.,$,#10190,(#10192));
#10190=IFCINDEXEDPOLYCURVE(#10191,(IFCLINEINDEX((1,2,3,4,1))),$);
#10191=IFCCARTESIANPOINTLIST2D(((0.,0.),(0.3873407244682312,0.),(0.3873407244682312,0.89999997615814209),(0.,0.89999997615814209)));
#10192=IFCINDEXEDPOLYCURVE(#10193,(IFCLINEINDEX((1,2,3,4,1))),$);
#10193=IFCCARTESIANPOINTLIST2D(((0.02500000037252903,0.05000000074505806),(0.33734072372317314,0.05000000074505806),(0.33734072372317314,0.84999997541308403),(0.02500000037252903,0.84999997541308403)));
#10194=IFCAXIS2PLACEMENT3D(#10195,#10196,#10197);
#10195=IFCCARTESIANPOINT((0.30000001192092896,0.05000000074505806,0.));
#10196=IFCDIRECTION((0.,-1.,0.));
#10197=IFCDIRECTION((1.,0.,0.));
#10198=IFCDIRECTION((0.,0.,-1.));
#10199=IFCEXTRUDEDAREASOLID(#10200,#10205,#10209,0.035000000149011612);
#10200=IFCARBITRARYPROFILEDEFWITHVOIDS(.AREA.,$,#10201,(#10203));
#10201=IFCINDEXEDPOLYCURVE(#10202,(IFCLINEINDEX((1,2,3,4,1))),$);
#10202=IFCCARTESIANPOINTLIST2D(((0.,0.),(0.36234072409570217,0.),(0.36234072409570217,0.84999997541308403),(0.,0.84999997541308403)));
#10203=IFCINDEXEDPOLYCURVE(#10204,(IFCLINEINDEX((1,2,3,4,1))),$);
#10204=IFCCARTESIANPOINTLIST2D(((0.035000000149011612,0.035000000149011612),(0.32734072394669056,0.035000000149011612),(0.32734072394669056,0.81499997526407242),(0.035000000149011612,0.81499997526407242)));
#10205=IFCAXIS2PLACEMENT3D(#10206,#10207,#10208);
#10206=IFCCARTESIANPOINT((0.30000001192092896,0.090000001713633537,0.02500000037252903));
#10207=IFCDIRECTION((0.,-1.,0.));
#10208=IFCDIRECTION((1.,0.,0.));
#10209=IFCDIRECTION((0.,0.,-1.));
#10210=IFCEXTRUDEDAREASOLID(#10211,#10214,#10218,0.01);
#10211=IFCARBITRARYCLOSEDPROFILEDEF(.AREA.,$,#10212);
#10212=IFCINDEXEDPOLYCURVE(#10213,(IFCLINEINDEX((1,2,3,4,1))),$);
#10213=IFCCARTESIANPOINTLIST2D(((0.035000000149011612,0.035000000149011612),(0.32734072394669056,0.035000000149011612),(0.32734072394669056,0.81499997526407242),(0.035000000149011612,0.81499997526407242)));
#10214=IFCAXIS2PLACEMENT3D(#10215,#10216,#10217);
#10215=IFCCARTESIANPOINT((0.30000001192092896,0.10250000178813934,0.02500000037252903));
#10216=IFCDIRECTION((0.,-1.,0.));
#10217=IFCDIRECTION((1.,0.,0.));
#10218=IFCDIRECTION((0.,0.,-1.));
#10219=IFCREPRESENTATIONMAP(#10220,#10224);
#10220=IFCAXIS2PLACEMENT3D(#10221,#10222,#10223);
#10221=IFCCARTESIANPOINT((0.,0.,0.));
#10222=IFCDIRECTION((0.,0.,1.));
#10223=IFCDIRECTION((1.,0.,0.));
#10224=IFCSHAPEREPRESENTATION(#24,'Body','Curve2D',(#10225,#10227,#10229,#10231,#10233,#10235,#10237,#10239,#10241,#10243,#10245,#10247,#10249,#10251,#10253,#10255));
#10225=IFCINDEXEDPOLYCURVE(#10226,$,$);
#10226=IFCCARTESIANPOINTLIST2D(((0.05000000074505806,0.05000000074505806),(0.27500001154839993,0.05000000074505806)));
#10227=IFCINDEXEDPOLYCURVE(#10228,(IFCLINEINDEX((1,2,3,4,5,6,1))),$);
#10228=IFCCARTESIANPOINTLIST2D(((0.,0.10000000149011612),(0.02500000037252903,0.10000000149011612),(0.02500000037252903,0.090000001713633537),(0.05000000074505806,0.090000001713633537),(0.05000000074505806,0.05000000074505806),(0.,0.05000000074505806)));
#10229=IFCINDEXEDPOLYCURVE(#10230,$,$);
#10230=IFCCARTESIANPOINTLIST2D(((0.30000001192092896,0.10000000149011612),(0.30000001192092896,0.10000000149011612),(0.30000001192092896,0.090000001713633537),(0.27500001154839993,0.090000001713633537),(0.27500001154839993,0.05000000074505806),(0.30000001192092896,0.05000000074505806)));
#10231=IFCINDEXEDPOLYCURVE(#10232,(IFCLINEINDEX((1,2,3,4,1))),$);
#10232=IFCCARTESIANPOINTLIST2D(((0.02500000037252903,0.090000001713633537),(0.060000000521540642,0.090000001713633537),(0.060000000521540642,0.12500000186264515),(0.02500000037252903,0.12500000186264515)));
#10233=IFCINDEXEDPOLYCURVE(#10234,(IFCLINEINDEX((1,2,3,4,1))),$);
#10234=IFCCARTESIANPOINTLIST2D(((0.30000001192092896,0.090000001713633537),(0.26500001177191734,0.090000001713633537),(0.26500001177191734,0.12500000186264515),(0.30000001192092896,0.12500000186264515)));
#10235=IFCINDEXEDPOLYCURVE(#10236,$,$);
#10236=IFCCARTESIANPOINTLIST2D(((0.060000000521540642,0.090000001713633537),(0.26500001177191734,0.090000001713633537)));
#10237=IFCINDEXEDPOLYCURVE(#10238,$,$);
#10238=IFCCARTESIANPOINTLIST2D(((0.060000000521540642,0.12500000186264515),(0.26500001177191734,0.12500000186264515)));
#10239=IFCINDEXEDPOLYCURVE(#10240,$,$);
#10240=IFCCARTESIANPOINTLIST2D(((0.060000000521540642,0.10750000178813934),(0.26500001177191734,0.10750000178813934)));
#10241=IFCINDEXEDPOLYCURVE(#10242,$,$);
#10242=IFCCARTESIANPOINTLIST2D(((0.32500001229345798,0.05000000074505806),(0.6373407356441021,0.05000000074505806)));
#10243=IFCINDEXEDPOLYCURVE(#10244,$,$);
#10244=IFCCARTESIANPOINTLIST2D(((0.30000001192092896,0.10000000149011612),(0.30000001192092896,0.10000000149011612),(0.30000001192092896,0.090000001713633537),(0.32500001229345798,0.090000001713633537),(0.32500001229345798,0.05000000074505806),(0.30000001192092896,0.05000000074505806)));
#10245=IFCINDEXEDPOLYCURVE(#10246,(IFCLINEINDEX((1,2,3,4,5,6,1))),$);
#10246=IFCCARTESIANPOINTLIST2D(((0.68734073638916016,0.10000000149011612),(0.66234073601663113,0.10000000149011612),(0.66234073601663113,0.090000001713633537),(0.6373407356441021,0.090000001713633537),(0.6373407356441021,0.05000000074505806),(0.68734073638916016,0.05000000074505806)));
#10247=IFCINDEXEDPOLYCURVE(#10248,(IFCLINEINDEX((1,2,3,4,1))),$);
#10248=IFCCARTESIANPOINTLIST2D(((0.30000001192092896,0.090000001713633537),(0.33500001206994057,0.090000001713633537),(0.33500001206994057,0.12500000186264515),(0.30000001192092896,0.12500000186264515)));
#10249=IFCINDEXEDPOLYCURVE(#10250,(IFCLINEINDEX((1,2,3,4,1))),$);
#10250=IFCCARTESIANPOINTLIST2D(((0.66234073601663113,0.090000001713633537),(0.62734073586761951,0.090000001713633537),(0.62734073586761951,0.12500000186264515),(0.66234073601663113,0.12500000186264515)));
#10251=IFCINDEXEDPOLYCURVE(#10252,$,$);
#10252=IFCCARTESIANPOINTLIST2D(((0.33500001206994057,0.090000001713633537),(0.62734073586761951,0.090000001713633537)));
#10253=IFCINDEXEDPOLYCURVE(#10254,$,$);
#10254=IFCCARTESIANPOINTLIST2D(((0.33500001206994057,0.12500000186264515),(0.62734073586761951,0.12500000186264515)));
#10255=IFCINDEXEDPOLYCURVE(#10256,$,$);
#10256=IFCCARTESIANPOINTLIST2D(((0.33500001206994057,0.10750000178813934),(0.62734073586761951,0.10750000178813934)));
#10257=IFCWINDOW('32bSBzcif67Q1bH41RMPuf',$,'Window',$,$,#11051,#10266,$,0.89999997615814209,0.68734073638916016,$,$,$);
#10258=IFCRELDEFINESBYTYPE('32_xpz7D58JwAAM9bLge3S',$,$,$,(#10257),#10122);
#10259=IFCCARTESIANPOINT((0.,0.,0.));
#10260=IFCDIRECTION((1.,0.,0.));
#10261=IFCDIRECTION((0.,1.,0.));
#10262=IFCDIRECTION((0.,0.,1.));
#10263=IFCCARTESIANTRANSFORMATIONOPERATOR3D(#10260,#10261,#10259,1.,#10262);
#10264=IFCMAPPEDITEM(#10125,#10263);
#10265=IFCSHAPEREPRESENTATION(#18,'Profile','MappedRepresentation',(#10264));
#10266=IFCPRODUCTDEFINITIONSHAPE($,$,(#10265,#10273,#10280));
#10267=IFCCARTESIANPOINT((0.,0.,0.));
#10268=IFCDIRECTION((1.,0.,0.));
#10269=IFCDIRECTION((0.,1.,0.));
#10270=IFCDIRECTION((0.,0.,1.));
#10271=IFCCARTESIANTRANSFORMATIONOPERATOR3D(#10268,#10269,#10267,1.,#10270);
#10272=IFCMAPPEDITEM(#10133,#10271);
#10273=IFCSHAPEREPRESENTATION(#11,'Body','MappedRepresentation',(#10272));
#10274=IFCCARTESIANPOINT((0.,0.,0.));
#10275=IFCDIRECTION((1.,0.,0.));
#10276=IFCDIRECTION((0.,1.,0.));
#10277=IFCDIRECTION((0.,0.,1.));
#10278=IFCCARTESIANTRANSFORMATIONOPERATOR3D(#10275,#10276,#10274,1.,#10277);
#10279=IFCMAPPEDITEM(#10219,#10278);
#10280=IFCSHAPEREPRESENTATION(#24,'Body','MappedRepresentation',(#10279));
#10281=IFCOPENINGELEMENT('09AAyc2Rf9i8T7GmRKFEPs',$,'Opening',$,$,#10315,#10309,$,.OPENING.);
#10287=IFCCARTESIANPOINTLIST2D(((0.,0.),(0.68734073638916016,0.),(0.68734073638916016,0.89999997615814209),(0.,0.89999997615814209)));
#10288=IFCINDEXEDPOLYCURVE(#10287,(IFCLINEINDEX((1,2,3,4,1))),$);
#10289=IFCARBITRARYCLOSEDPROFILEDEF(.AREA.,$,#10288);
#10290=IFCCARTESIANPOINT((0.,-0.60000002384185791,0.));
#10291=IFCDIRECTION((0.,-1.,0.));
#10292=IFCDIRECTION((1.,0.,0.));
#10293=IFCAXIS2PLACEMENT3D(#10290,#10291,#10292);
#10294=IFCDIRECTION((0.,0.,-1.));
#10295=IFCEXTRUDEDAREASOLID(#10289,#10293,#10294,1.2);
#10296=IFCSHAPEREPRESENTATION(#11,'Body','SweptSolid',(#10295));
#10297=IFCCARTESIANPOINT((0.,0.,0.));
#10298=IFCDIRECTION((1.,0.,0.));
#10299=IFCDIRECTION((0.,0.,1.));
#10300=IFCAXIS2PLACEMENT3D(#10297,#10299,#10298);
#10301=IFCREPRESENTATIONMAP(#10300,#10296);
#10302=IFCCARTESIANPOINT((0.,0.,0.));
#10303=IFCDIRECTION((1.,0.,0.));
#10304=IFCDIRECTION((0.,1.,0.));
#10305=IFCDIRECTION((0.,0.,1.));
#10306=IFCCARTESIANTRANSFORMATIONOPERATOR3D(#10303,#10304,#10302,1.,#10305);
#10307=IFCMAPPEDITEM(#10301,#10306);
#10308=IFCSHAPEREPRESENTATION(#11,'Body','MappedRepresentation',(#10307));
#10309=IFCPRODUCTDEFINITIONSHAPE($,$,(#10308));
#10310=IFCRELVOIDSELEMENT('1M1Yn7y3P9vBXqdCEjB3sj',$,$,$,#9828,#10281);
#10311=IFCCARTESIANPOINT((1.5261581298127549,0.099999904632568359,1.));
#10312=IFCDIRECTION((0.,0.,1.));
#10313=IFCDIRECTION((-0.99999999999998868,1.5099580252808492E-07,0.));
#10314=IFCAXIS2PLACEMENT3D(#10311,#10312,#10313);
#10315=IFCLOCALPLACEMENT(#9897,#10314);
#10316=IFCRELFILLSELEMENT('1AvEF$7gD0Sv7NGdEzcTCb',$,$,$,#10281,#10257);
#10371=IFCWINDOWTYPE('2f5NXTOr55nvJok$bbqvVJ',$,'MAIN',$,$,(#10372),(#10374,#10382,#10468),$,$,.WINDOW.,.SINGLE_PANEL.,$,$);
#10372=IFCPROPERTYSET('0Z$GKB6ZnCBPeERD2y_KI2',$,'BBIM_Window',$,(#10373));
#10373=IFCPROPERTYSINGLEVALUE('Data',$,IFCTEXT('{"window_type": "DOUBLE_PANEL_VERTICAL", "overall_height": 0.8999999761581421, "overall_width": 0.8911760449409485, "lining_properties": {"lining_depth": 0.05000000074505806, "lining_thickness": 0.05000000074505806, "lining_offset": 0.05000000074505806, "lining_to_panel_offset_x": 0.02500000037252903, "lining_to_panel_offset_y": 0.02500000037252903, "mullion_thickness": 0.05000000074505806, "first_mullion_offset": 0.30000001192092896}, "panel_properties": {"frame_depth": [0.03500000014901161, 0.03500000014901161, 0.03500000014901161], "frame_thickness": [0.03500000014901161, 0.03500000014901161, 0.03500000014901161]}}'),$);
#10374=IFCREPRESENTATIONMAP(#10375,#10871);
#10375=IFCAXIS2PLACEMENT3D(#10376,#10377,#10378);
#10376=IFCCARTESIANPOINT((0.,0.,0.));
#10377=IFCDIRECTION((0.,0.,1.));
#10378=IFCDIRECTION((1.,0.,0.));
#10382=IFCREPRESENTATIONMAP(#10383,#10952);
#10383=IFCAXIS2PLACEMENT3D(#10384,#10385,#10386);
#10384=IFCCARTESIANPOINT((0.,0.,0.));
#10385=IFCDIRECTION((0.,0.,1.));
#10386=IFCDIRECTION((1.,0.,0.));
#10468=IFCREPRESENTATIONMAP(#10469,#10991);
#10469=IFCAXIS2PLACEMENT3D(#10470,#10471,#10472);
#10470=IFCCARTESIANPOINT((0.,0.,0.));
#10471=IFCDIRECTION((0.,0.,1.));
#10472=IFCDIRECTION((1.,0.,0.));
#10506=IFCWINDOW('1LyqY4S0v0EQeFuMISWWSL',$,'Window',$,$,#11031,#10515,$,0.89999997615814209,0.89117604494094849,$,.DOUBLE_PANEL_VERTICAL.,$);
#10507=IFCRELDEFINESBYTYPE('2w5Rj4sKn9zPsxoDhLb7aw',$,$,$,(#10571,#10506),#10371);
#10508=IFCCARTESIANPOINT((0.,0.,0.));
#10509=IFCDIRECTION((1.,0.,0.));
#10510=IFCDIRECTION((0.,1.,0.));
#10511=IFCDIRECTION((0.,0.,1.));
#10512=IFCCARTESIANTRANSFORMATIONOPERATOR3D(#10509,#10510,#10508,1.,#10511);
#10513=IFCMAPPEDITEM(#10374,#10512);
#10514=IFCSHAPEREPRESENTATION(#18,'Profile','MappedRepresentation',(#10513));
#10515=IFCPRODUCTDEFINITIONSHAPE($,$,(#10514,#10522,#10529));
#10516=IFCCARTESIANPOINT((0.,0.,0.));
#10517=IFCDIRECTION((1.,0.,0.));
#10518=IFCDIRECTION((0.,1.,0.));
#10519=IFCDIRECTION((0.,0.,1.));
#10520=IFCCARTESIANTRANSFORMATIONOPERATOR3D(#10517,#10518,#10516,1.,#10519);
#10521=IFCMAPPEDITEM(#10382,#10520);
#10522=IFCSHAPEREPRESENTATION(#11,'Body','MappedRepresentation',(#10521));
#10523=IFCCARTESIANPOINT((0.,0.,0.));
#10524=IFCDIRECTION((1.,0.,0.));
#10525=IFCDIRECTION((0.,1.,0.));
#10526=IFCDIRECTION((0.,0.,1.));
#10527=IFCCARTESIANTRANSFORMATIONOPERATOR3D(#10524,#10525,#10523,1.,#10526);
#10528=IFCMAPPEDITEM(#10468,#10527);
#10529=IFCSHAPEREPRESENTATION(#24,'Body','MappedRepresentation',(#10528));
#10530=IFCOPENINGELEMENT('0pfv9_76H6mhjFwYwfv3ZO',$,'Opening',$,$,#11026,#10558,$,.OPENING.);
#10546=IFCCARTESIANPOINT((0.,0.,0.));
#10547=IFCDIRECTION((1.,0.,0.));
#10548=IFCDIRECTION((0.,0.,1.));
#10549=IFCAXIS2PLACEMENT3D(#10546,#10548,#10547);
#10550=IFCREPRESENTATIONMAP(#10549,#11001);
#10551=IFCCARTESIANPOINT((0.,0.,0.));
#10552=IFCDIRECTION((1.,0.,0.));
#10553=IFCDIRECTION((0.,1.,0.));
#10554=IFCDIRECTION((0.,0.,1.));
#10555=IFCCARTESIANTRANSFORMATIONOPERATOR3D(#10552,#10553,#10551,1.,#10554);
#10556=IFCMAPPEDITEM(#10550,#10555);
#10557=IFCSHAPEREPRESENTATION(#11,'Body','MappedRepresentation',(#10556));
#10558=IFCPRODUCTDEFINITIONSHAPE($,$,(#10557));
#10559=IFCRELVOIDSELEMENT('2uiqupX89AawhK4MgOs_D0',$,$,$,#8855,#10530);
#10565=IFCRELFILLSELEMENT('1LEF7KbAH0qh0UdYEUwJWm',$,$,$,#10530,#10506);
#10571=IFCWINDOW('0PMouo63X8BwZGFtoISlvc',$,'Window',$,$,#11056,#10579,$,0.89999997615814209,0.89117604494094849,$,$,$);
#10572=IFCCARTESIANPOINT((0.,0.,0.));
#10573=IFCDIRECTION((1.,0.,0.));
#10574=IFCDIRECTION((0.,1.,0.));
#10575=IFCDIRECTION((0.,0.,1.));
#10576=IFCCARTESIANTRANSFORMATIONOPERATOR3D(#10573,#10574,#10572,1.,#10575);
#10577=IFCMAPPEDITEM(#10374,#10576);
#10578=IFCSHAPEREPRESENTATION(#18,'Profile','MappedRepresentation',(#10577));
#10579=IFCPRODUCTDEFINITIONSHAPE($,$,(#10578,#10586,#10593));
#10580=IFCCARTESIANPOINT((0.,0.,0.));
#10581=IFCDIRECTION((1.,0.,0.));
#10582=IFCDIRECTION((0.,1.,0.));
#10583=IFCDIRECTION((0.,0.,1.));
#10584=IFCCARTESIANTRANSFORMATIONOPERATOR3D(#10581,#10582,#10580,1.,#10583);
#10585=IFCMAPPEDITEM(#10382,#10584);
#10586=IFCSHAPEREPRESENTATION(#11,'Body','MappedRepresentation',(#10585));
#10587=IFCCARTESIANPOINT((0.,0.,0.));
#10588=IFCDIRECTION((1.,0.,0.));
#10589=IFCDIRECTION((0.,1.,0.));
#10590=IFCDIRECTION((0.,0.,1.));
#10591=IFCCARTESIANTRANSFORMATIONOPERATOR3D(#10588,#10589,#10587,1.,#10590);
#10592=IFCMAPPEDITEM(#10468,#10591);
#10593=IFCSHAPEREPRESENTATION(#24,'Body','MappedRepresentation',(#10592));
#10594=IFCOPENINGELEMENT('1MxsEJx2f6MvhpjldJdoRx',$,'Opening',$,$,#11011,#10607,$,.OPENING.);
#10600=IFCCARTESIANPOINT((0.,0.,0.));
#10601=IFCDIRECTION((1.,0.,0.));
#10602=IFCDIRECTION((0.,1.,0.));
#10603=IFCDIRECTION((0.,0.,1.));
#10604=IFCCARTESIANTRANSFORMATIONOPERATOR3D(#10601,#10602,#10600,1.,#10603);
#10605=IFCMAPPEDITEM(#10550,#10604);
#10606=IFCSHAPEREPRESENTATION(#11,'Body','MappedRepresentation',(#10605));
#10607=IFCPRODUCTDEFINITIONSHAPE($,$,(#10606));
#10608=IFCRELVOIDSELEMENT('0GcN8LIsjE8BLlV$WODHiG',$,$,$,#8855,#10594);
#10614=IFCRELFILLSELEMENT('0rOGV1e1jACAVby19AM$7Z',$,$,$,#10594,#10571);
#10669=IFCWINDOWTYPE('172FvnWtH6ef$0jQBSzciW',$,'bed2',$,$,(#10670),(#10672,#10680,#10766),$,$,.WINDOW.,.SINGLE_PANEL.,$,$);
#10670=IFCPROPERTYSET('1giAlbhPXF29nc6ZfUkfF9',$,'BBIM_Window',$,(#10671));
#10671=IFCPROPERTYSINGLEVALUE('Data',$,IFCTEXT('{"window_type": "DOUBLE_PANEL_VERTICAL", "overall_height": 0.8999999761581421, "overall_width": 1.0189725160598755, "lining_properties": {"lining_depth": 0.05000000074505806, "lining_thickness": 0.05000000074505806, "lining_offset": 0.05000000074505806, "lining_to_panel_offset_x": 0.02500000037252903, "lining_to_panel_offset_y": 0.02500000037252903, "mullion_thickness": 0.05000000074505806, "first_mullion_offset": 0.30000001192092896}, "panel_properties": {"frame_depth": [0.03500000014901161, 0.03500000014901161, 0.03500000014901161], "frame_thickness": [0.03500000014901161, 0.03500000014901161, 0.03500000014901161]}}'),$);
#10672=IFCREPRESENTATIONMAP(#10673,#10677);
#10673=IFCAXIS2PLACEMENT3D(#10674,#10675,#10676);
#10674=IFCCARTESIANPOINT((0.,0.,0.));
#10675=IFCDIRECTION((0.,0.,1.));
#10676=IFCDIRECTION((1.,0.,0.));
#10677=IFCSHAPEREPRESENTATION(#18,'Profile','Curve3D',(#10678));
#10678=IFCINDEXEDPOLYCURVE(#10679,(IFCLINEINDEX((1,2,3,4,1))),$);
#10679=IFCCARTESIANPOINTLIST3D(((0.,0.,0.),(1.0189725160598755,0.,0.),(1.0189725160598755,0.,0.89999997615814209),(0.,0.,0.89999997615814209)));
#10680=IFCREPRESENTATIONMAP(#10681,#10685);
#10681=IFCAXIS2PLACEMENT3D(#10682,#10683,#10684);
#10682=IFCCARTESIANPOINT((0.,0.,0.));
#10683=IFCDIRECTION((0.,0.,1.));
#10684=IFCDIRECTION((1.,0.,0.));
#10685=IFCSHAPEREPRESENTATION(#11,'Body','SweptSolid',(#10686,#10695,#10706,#10717,#10726,#10735,#10746,#10757));
#10686=IFCEXTRUDEDAREASOLID(#10687,#10690,#10694,0.0099999997764825821);
#10687=IFCARBITRARYCLOSEDPROFILEDEF(.AREA.,$,#10688);
#10688=IFCINDEXEDPOLYCURVE(#10689,(IFCLINEINDEX((1,2,3,4,5,6,7,8,1))),$);
#10689=IFCCARTESIANPOINTLIST2D(((0.30000001192092896,0.),(0.,0.),(0.,0.89999997615814209),(0.30000001192092896,0.89999997615814209),(0.30000001192092896,0.87499997578561306),(0.02500000037252903,0.87499997578561306),(0.02500000037252903,0.02500000037252903),(0.30000001192092896,0.02500000037252903)));
#10690=IFCAXIS2PLACEMENT3D(#10691,#10692,#10693);
#10691=IFCCARTESIANPOINT((0.,0.090000001713633537,0.));
#10692=IFCDIRECTION((0.,-1.,0.));
#10693=IFCDIRECTION((1.,0.,0.));
#10694=IFCDIRECTION((0.,0.,-1.));
#10695=IFCEXTRUDEDAREASOLID(#10696,#10701,#10705,0.040000000968575478);
#10696=IFCARBITRARYPROFILEDEFWITHVOIDS(.AREA.,$,#10697,(#10699));
#10697=IFCINDEXEDPOLYCURVE(#10698,(IFCLINEINDEX((1,2,3,4,1))),$);
#10698=IFCCARTESIANPOINTLIST2D(((0.,0.),(0.30000001192092896,0.),(0.30000001192092896,0.89999997615814209),(0.,0.89999997615814209)));
#10699=IFCINDEXEDPOLYCURVE(#10700,(IFCLINEINDEX((1,2,3,4,1))),$);
#10700=IFCCARTESIANPOINTLIST2D(((0.05000000074505806,0.05000000074505806),(0.27500001154839993,0.05000000074505806),(0.27500001154839993,0.84999997541308403),(0.05000000074505806,0.84999997541308403)));
#10701=IFCAXIS2PLACEMENT3D(#10702,#10703,#10704);
#10702=IFCCARTESIANPOINT((0.,0.05000000074505806,0.));
#10703=IFCDIRECTION((0.,-1.,0.));
#10704=IFCDIRECTION((1.,0.,0.));
#10705=IFCDIRECTION((0.,0.,-1.));
#10706=IFCEXTRUDEDAREASOLID(#10707,#10712,#10716,0.035000000149011612);
#10707=IFCARBITRARYPROFILEDEFWITHVOIDS(.AREA.,$,#10708,(#10710));
#10708=IFCINDEXEDPOLYCURVE(#10709,(IFCLINEINDEX((1,2,3,4,1))),$);
#10709=IFCCARTESIANPOINTLIST2D(((0.,0.),(0.27500001154839993,0.),(0.27500001154839993,0.84999997541308403),(0.,0.84999997541308403)));
#10710=IFCINDEXEDPOLYCURVE(#10711,(IFCLINEINDEX((1,2,3,4,1))),$);
#10711=IFCCARTESIANPOINTLIST2D(((0.035000000149011612,0.035000000149011612),(0.24000001139938831,0.035000000149011612),(0.24000001139938831,0.81499997526407242),(0.035000000149011612,0.81499997526407242)));
#10712=IFCAXIS2PLACEMENT3D(#10713,#10714,#10715);
#10713=IFCCARTESIANPOINT((0.02500000037252903,0.090000001713633537,0.02500000037252903));
#10714=IFCDIRECTION((0.,-1.,0.));
#10715=IFCDIRECTION((1.,0.,0.));
#10716=IFCDIRECTION((0.,0.,-1.));
#10717=IFCEXTRUDEDAREASOLID(#10718,#10721,#10725,0.01);
#10718=IFCARBITRARYCLOSEDPROFILEDEF(.AREA.,$,#10719);
#10719=IFCINDEXEDPOLYCURVE(#10720,(IFCLINEINDEX((1,2,3,4,1))),$);
#10720=IFCCARTESIANPOINTLIST2D(((0.035000000149011612,0.035000000149011612),(0.24000001139938831,0.035000000149011612),(0.24000001139938831,0.81499997526407242),(0.035000000149011612,0.81499997526407242)));
#10721=IFCAXIS2PLACEMENT3D(#10722,#10723,#10724);
#10722=IFCCARTESIANPOINT((0.02500000037252903,0.10250000178813934,0.02500000037252903));
#10723=IFCDIRECTION((0.,-1.,0.));
#10724=IFCDIRECTION((1.,0.,0.));
#10725=IFCDIRECTION((0.,0.,-1.));
#10726=IFCEXTRUDEDAREASOLID(#10727,#10730,#10734,0.0099999997764825821);
#10727=IFCARBITRARYCLOSEDPROFILEDEF(.AREA.,$,#10728);
#10728=IFCINDEXEDPOLYCURVE(#10729,(IFCLINEINDEX((1,2,3,4,5,6,7,8,1))),$);
#10729=IFCCARTESIANPOINTLIST2D(((0.,0.89999997615814209),(0.71897250413894653,0.89999997615814209),(0.71897250413894653,0.),(0.,0.),(0.,0.02500000037252903),(0.6939725037664175,0.02500000037252903),(0.6939725037664175,0.87499997578561306),(0.,0.87499997578561306)));
#10730=IFCAXIS2PLACEMENT3D(#10731,#10732,#10733);
#10731=IFCCARTESIANPOINT((0.30000001192092896,0.090000001713633537,0.));
#10732=IFCDIRECTION((0.,-1.,0.));
#10733=IFCDIRECTION((1.,0.,0.));
#10734=IFCDIRECTION((0.,0.,-1.));
#10735=IFCEXTRUDEDAREASOLID(#10736,#10741,#10745,0.040000000968575478);
#10736=IFCARBITRARYPROFILEDEFWITHVOIDS(.AREA.,$,#10737,(#10739));
#10737=IFCINDEXEDPOLYCURVE(#10738,(IFCLINEINDEX((1,2,3,4,1))),$);
#10738=IFCCARTESIANPOINTLIST2D(((0.,0.),(0.71897250413894653,0.),(0.71897250413894653,0.89999997615814209),(0.,0.89999997615814209)));
#10739=IFCINDEXEDPOLYCURVE(#10740,(IFCLINEINDEX((1,2,3,4,1))),$);
#10740=IFCCARTESIANPOINTLIST2D(((0.02500000037252903,0.05000000074505806),(0.66897250339388847,0.05000000074505806),(0.66897250339388847,0.84999997541308403),(0.02500000037252903,0.84999997541308403)));
#10741=IFCAXIS2PLACEMENT3D(#10742,#10743,#10744);
#10742=IFCCARTESIANPOINT((0.30000001192092896,0.05000000074505806,0.));
#10743=IFCDIRECTION((0.,-1.,0.));
#10744=IFCDIRECTION((1.,0.,0.));
#10745=IFCDIRECTION((0.,0.,-1.));
#10746=IFCEXTRUDEDAREASOLID(#10747,#10752,#10756,0.035000000149011612);
#10747=IFCARBITRARYPROFILEDEFWITHVOIDS(.AREA.,$,#10748,(#10750));
#10748=IFCINDEXEDPOLYCURVE(#10749,(IFCLINEINDEX((1,2,3,4,1))),$);
#10749=IFCCARTESIANPOINTLIST2D(((0.,0.),(0.6939725037664175,0.),(0.6939725037664175,0.84999997541308403),(0.,0.84999997541308403)));
#10750=IFCINDEXEDPOLYCURVE(#10751,(IFCLINEINDEX((1,2,3,4,1))),$);
#10751=IFCCARTESIANPOINTLIST2D(((0.035000000149011612,0.035000000149011612),(0.65897250361740589,0.035000000149011612),(0.65897250361740589,0.81499997526407242),(0.035000000149011612,0.81499997526407242)));
#10752=IFCAXIS2PLACEMENT3D(#10753,#10754,#10755);
#10753=IFCCARTESIANPOINT((0.30000001192092896,0.090000001713633537,0.02500000037252903));
#10754=IFCDIRECTION((0.,-1.,0.));
#10755=IFCDIRECTION((1.,0.,0.));
#10756=IFCDIRECTION((0.,0.,-1.));
#10757=IFCEXTRUDEDAREASOLID(#10758,#10761,#10765,0.01);
#10758=IFCARBITRARYCLOSEDPROFILEDEF(.AREA.,$,#10759);
#10759=IFCINDEXEDPOLYCURVE(#10760,(IFCLINEINDEX((1,2,3,4,1))),$);
#10760=IFCCARTESIANPOINTLIST2D(((0.035000000149011612,0.035000000149011612),(0.65897250361740589,0.035000000149011612),(0.65897250361740589,0.81499997526407242),(0.035000000149011612,0.81499997526407242)));
#10761=IFCAXIS2PLACEMENT3D(#10762,#10763,#10764);
#10762=IFCCARTESIANPOINT((0.30000001192092896,0.10250000178813934,0.02500000037252903));
#10763=IFCDIRECTION((0.,-1.,0.));
#10764=IFCDIRECTION((1.,0.,0.));
#10765=IFCDIRECTION((0.,0.,-1.));
#10766=IFCREPRESENTATIONMAP(#10767,#10771);
#10767=IFCAXIS2PLACEMENT3D(#10768,#10769,#10770);
#10768=IFCCARTESIANPOINT((0.,0.,0.));
#10769=IFCDIRECTION((0.,0.,1.));
#10770=IFCDIRECTION((1.,0.,0.));
#10771=IFCSHAPEREPRESENTATION(#24,'Body','Curve2D',(#10772,#10774,#10776,#10778,#10780,#10782,#10784,#10786,#10788,#10790,#10792,#10794,#10796,#10798,#10800,#10802));
#10772=IFCINDEXEDPOLYCURVE(#10773,$,$);
#10773=IFCCARTESIANPOINTLIST2D(((0.05000000074505806,0.05000000074505806),(0.27500001154839993,0.05000000074505806)));
#10774=IFCINDEXEDPOLYCURVE(#10775,(IFCLINEINDEX((1,2,3,4,5,6,1))),$);
#10775=IFCCARTESIANPOINTLIST2D(((0.,0.10000000149011612),(0.02500000037252903,0.10000000149011612),(0.02500000037252903,0.090000001713633537),(0.05000000074505806,0.090000001713633537),(0.05000000074505806,0.05000000074505806),(0.,0.05000000074505806)));
#10776=IFCINDEXEDPOLYCURVE(#10777,$,$);
#10777=IFCCARTESIANPOINTLIST2D(((0.30000001192092896,0.10000000149011612),(0.30000001192092896,0.10000000149011612),(0.30000001192092896,0.090000001713633537),(0.27500001154839993,0.090000001713633537),(0.27500001154839993,0.05000000074505806),(0.30000001192092896,0.05000000074505806)));
#10778=IFCINDEXEDPOLYCURVE(#10779,(IFCLINEINDEX((1,2,3,4,1))),$);
#10779=IFCCARTESIANPOINTLIST2D(((0.02500000037252903,0.090000001713633537),(0.060000000521540642,0.090000001713633537),(0.060000000521540642,0.12500000186264515),(0.02500000037252903,0.12500000186264515)));
#10780=IFCINDEXEDPOLYCURVE(#10781,(IFCLINEINDEX((1,2,3,4,1))),$);
#10781=IFCCARTESIANPOINTLIST2D(((0.30000001192092896,0.090000001713633537),(0.26500001177191734,0.090000001713633537),(0.26500001177191734,0.12500000186264515),(0.30000001192092896,0.12500000186264515)));
#10782=IFCINDEXEDPOLYCURVE(#10783,$,$);
#10783=IFCCARTESIANPOINTLIST2D(((0.060000000521540642,0.090000001713633537),(0.26500001177191734,0.090000001713633537)));
#10784=IFCINDEXEDPOLYCURVE(#10785,$,$);
#10785=IFCCARTESIANPOINTLIST2D(((0.060000000521540642,0.12500000186264515),(0.26500001177191734,0.12500000186264515)));
#10786=IFCINDEXEDPOLYCURVE(#10787,$,$);
#10787=IFCCARTESIANPOINTLIST2D(((0.060000000521540642,0.10750000178813934),(0.26500001177191734,0.10750000178813934)));
#10788=IFCINDEXEDPOLYCURVE(#10789,$,$);
#10789=IFCCARTESIANPOINTLIST2D(((0.32500001229345798,0.05000000074505806),(0.96897251531481743,0.05000000074505806)));
#10790=IFCINDEXEDPOLYCURVE(#10791,$,$);
#10791=IFCCARTESIANPOINTLIST2D(((0.30000001192092896,0.10000000149011612),(0.30000001192092896,0.10000000149011612),(0.30000001192092896,0.090000001713633537),(0.32500001229345798,0.090000001713633537),(0.32500001229345798,0.05000000074505806),(0.30000001192092896,0.05000000074505806)));
#10792=IFCINDEXEDPOLYCURVE(#10793,(IFCLINEINDEX((1,2,3,4,5,6,1))),$);
#10793=IFCCARTESIANPOINTLIST2D(((1.0189725160598755,0.10000000149011612),(0.99397251568734646,0.10000000149011612),(0.99397251568734646,0.090000001713633537),(0.96897251531481743,0.090000001713633537),(0.96897251531481743,0.05000000074505806),(1.0189725160598755,0.05000000074505806)));
#10794=IFCINDEXEDPOLYCURVE(#10795,(IFCLINEINDEX((1,2,3,4,1))),$);
#10795=IFCCARTESIANPOINTLIST2D(((0.30000001192092896,0.090000001713633537),(0.33500001206994057,0.090000001713633537),(0.33500001206994057,0.12500000186264515),(0.30000001192092896,0.12500000186264515)));
#10796=IFCINDEXEDPOLYCURVE(#10797,(IFCLINEINDEX((1,2,3,4,1))),$);
#10797=IFCCARTESIANPOINTLIST2D(((0.99397251568734646,0.090000001713633537),(0.95897251553833485,0.090000001713633537),(0.95897251553833485,0.12500000186264515),(0.99397251568734646,0.12500000186264515)));
#10798=IFCINDEXEDPOLYCURVE(#10799,$,$);
#10799=IFCCARTESIANPOINTLIST2D(((0.33500001206994057,0.090000001713633537),(0.95897251553833485,0.090000001713633537)));
#10800=IFCINDEXEDPOLYCURVE(#10801,$,$);
#10801=IFCCARTESIANPOINTLIST2D(((0.33500001206994057,0.12500000186264515),(0.95897251553833485,0.12500000186264515)));
#10802=IFCINDEXEDPOLYCURVE(#10803,$,$);
#10803=IFCCARTESIANPOINTLIST2D(((0.33500001206994057,0.10750000178813934),(0.95897251553833485,0.10750000178813934)));
#10804=IFCWINDOW('3cJGFsWNj2_RpTzNR0ipSJ',$,'Window',$,$,#10868,#10813,$,0.89999997615814209,1.0189725160598755,$,$,$);
#10805=IFCRELDEFINESBYTYPE('3EoIRXu2T6yPBh13920Mv5',$,$,$,(#10804),#10669);
#10806=IFCCARTESIANPOINT((0.,0.,0.));
#10807=IFCDIRECTION((1.,0.,0.));
#10808=IFCDIRECTION((0.,1.,0.));
#10809=IFCDIRECTION((0.,0.,1.));
#10810=IFCCARTESIANTRANSFORMATIONOPERATOR3D(#10807,#10808,#10806,1.,#10809);
#10811=IFCMAPPEDITEM(#10672,#10810);
#10812=IFCSHAPEREPRESENTATION(#18,'Profile','MappedRepresentation',(#10811));
#10813=IFCPRODUCTDEFINITIONSHAPE($,$,(#10812,#10820,#10827));
#10814=IFCCARTESIANPOINT((0.,0.,0.));
#10815=IFCDIRECTION((1.,0.,0.));
#10816=IFCDIRECTION((0.,1.,0.));
#10817=IFCDIRECTION((0.,0.,1.));
#10818=IFCCARTESIANTRANSFORMATIONOPERATOR3D(#10815,#10816,#10814,1.,#10817);
#10819=IFCMAPPEDITEM(#10680,#10818);
#10820=IFCSHAPEREPRESENTATION(#11,'Body','MappedRepresentation',(#10819));
#10821=IFCCARTESIANPOINT((0.,0.,0.));
#10822=IFCDIRECTION((1.,0.,0.));
#10823=IFCDIRECTION((0.,1.,0.));
#10824=IFCDIRECTION((0.,0.,1.));
#10825=IFCCARTESIANTRANSFORMATIONOPERATOR3D(#10822,#10823,#10821,1.,#10824);
#10826=IFCMAPPEDITEM(#10766,#10825);
#10827=IFCSHAPEREPRESENTATION(#24,'Body','MappedRepresentation',(#10826));
#10828=IFCOPENINGELEMENT('3srTos5ofEG9HO8ZoiZmy_',$,'Opening',$,$,#10862,#10856,$,.OPENING.);
#10834=IFCCARTESIANPOINTLIST2D(((0.,0.),(1.0189725160598755,0.),(1.0189725160598755,0.89999997615814209),(0.,0.89999997615814209)));
#10835=IFCINDEXEDPOLYCURVE(#10834,(IFCLINEINDEX((1,2,3,4,1))),$);
#10836=IFCARBITRARYCLOSEDPROFILEDEF(.AREA.,$,#10835);
#10837=IFCCARTESIANPOINT((0.,-0.60000002384185791,0.));
#10838=IFCDIRECTION((0.,-1.,0.));
#10839=IFCDIRECTION((1.,0.,0.));
#10840=IFCAXIS2PLACEMENT3D(#10837,#10838,#10839);
#10841=IFCDIRECTION((0.,0.,-1.));
#10842=IFCEXTRUDEDAREASOLID(#10836,#10840,#10841,1.2);
#10843=IFCSHAPEREPRESENTATION(#11,'Body','SweptSolid',(#10842));
#10844=IFCCARTESIANPOINT((0.,0.,0.));
#10845=IFCDIRECTION((1.,0.,0.));
#10846=IFCDIRECTION((0.,0.,1.));
#10847=IFCAXIS2PLACEMENT3D(#10844,#10846,#10845);
#10848=IFCREPRESENTATIONMAP(#10847,#10843);
#10849=IFCCARTESIANPOINT((0.,0.,0.));
#10850=IFCDIRECTION((1.,0.,0.));
#10851=IFCDIRECTION((0.,1.,0.));
#10852=IFCDIRECTION((0.,0.,1.));
#10853=IFCCARTESIANTRANSFORMATIONOPERATOR3D(#10850,#10851,#10849,1.,#10852);
#10854=IFCMAPPEDITEM(#10848,#10853);
#10855=IFCSHAPEREPRESENTATION(#11,'Body','MappedRepresentation',(#10854));
#10856=IFCPRODUCTDEFINITIONSHAPE($,$,(#10855));
#10857=IFCRELVOIDSELEMENT('15g1A2ZHD65QyukJ0U9j2f',$,$,$,#8855,#10828);
#10858=IFCCARTESIANPOINT((2.3007284800119767,0.10000020776962071,1.));
#10859=IFCDIRECTION((0.,0.,1.));
#10860=IFCDIRECTION((-0.99999999999999623,-8.7422783678901786E-08,0.));
#10861=IFCAXIS2PLACEMENT3D(#10858,#10859,#10860);
#10862=IFCLOCALPLACEMENT(#9244,#10861);
#10863=IFCRELFILLSELEMENT('0Pa22_k3nC$eSg6XN_MWIm',$,$,$,#10828,#10804);
#10864=IFCCARTESIANPOINT((4.4408920985006262E-16,0.,0.));
#10865=IFCDIRECTION((0.,0.,1.));
#10866=IFCDIRECTION((0.99999999999999978,2.6469779601696886E-23,0.));
#10867=IFCAXIS2PLACEMENT3D(#10864,#10865,#10866);
#10868=IFCLOCALPLACEMENT(#10862,#10867);
#10869=IFCCARTESIANPOINTLIST3D(((0.,0.,0.),(0.89117604494094849,0.,0.),(0.89117604494094849,0.,0.89999997615814209),(0.,0.,0.89999997615814209)));
#10870=IFCINDEXEDPOLYCURVE(#10869,(IFCLINEINDEX((1,2,3,4,1))),$);
#10871=IFCSHAPEREPRESENTATION(#18,'Profile','Curve3D',(#10870));
#10872=IFCCARTESIANPOINTLIST2D(((0.30000001192092896,0.),(0.,0.),(0.,0.89999997615814209),(0.30000001192092896,0.89999997615814209),(0.30000001192092896,0.87499997578561306),(0.02500000037252903,0.87499997578561306),(0.02500000037252903,0.02500000037252903),(0.30000001192092896,0.02500000037252903)));
#10873=IFCINDEXEDPOLYCURVE(#10872,(IFCLINEINDEX((1,2,3,4,5,6,7,8,1))),$);
#10874=IFCARBITRARYCLOSEDPROFILEDEF(.AREA.,$,#10873);
#10875=IFCCARTESIANPOINT((0.,0.090000001713633537,0.));
#10876=IFCDIRECTION((0.,-1.,0.));
#10877=IFCDIRECTION((1.,0.,0.));
#10878=IFCAXIS2PLACEMENT3D(#10875,#10876,#10877);
#10879=IFCDIRECTION((0.,0.,-1.));
#10880=IFCEXTRUDEDAREASOLID(#10874,#10878,#10879,0.0099999997764825821);
#10881=IFCCARTESIANPOINTLIST2D(((0.,0.),(0.30000001192092896,0.),(0.30000001192092896,0.89999997615814209),(0.,0.89999997615814209)));
#10882=IFCINDEXEDPOLYCURVE(#10881,(IFCLINEINDEX((1,2,3,4,1))),$);
#10883=IFCCARTESIANPOINTLIST2D(((0.05000000074505806,0.05000000074505806),(0.27500001154839993,0.05000000074505806),(0.27500001154839993,0.84999997541308403),(0.05000000074505806,0.84999997541308403)));
#10884=IFCINDEXEDPOLYCURVE(#10883,(IFCLINEINDEX((1,2,3,4,1))),$);
#10885=IFCARBITRARYPROFILEDEFWITHVOIDS(.AREA.,$,#10882,(#10884));
#10886=IFCCARTESIANPOINT((0.,0.05000000074505806,0.));
#10887=IFCDIRECTION((0.,-1.,0.));
#10888=IFCDIRECTION((1.,0.,0.));
#10889=IFCAXIS2PLACEMENT3D(#10886,#10887,#10888);
#10890=IFCDIRECTION((0.,0.,-1.));
#10891=IFCEXTRUDEDAREASOLID(#10885,#10889,#10890,0.040000000968575478);
#10892=IFCCARTESIANPOINTLIST2D(((0.,0.),(0.27500001154839993,0.),(0.27500001154839993,0.84999997541308403),(0.,0.84999997541308403)));
#10893=IFCINDEXEDPOLYCURVE(#10892,(IFCLINEINDEX((1,2,3,4,1))),$);
#10894=IFCCARTESIANPOINTLIST2D(((0.035000000149011612,0.035000000149011612),(0.24000001139938831,0.035000000149011612),(0.24000001139938831,0.81499997526407242),(0.035000000149011612,0.81499997526407242)));
#10895=IFCINDEXEDPOLYCURVE(#10894,(IFCLINEINDEX((1,2,3,4,1))),$);
#10896=IFCARBITRARYPROFILEDEFWITHVOIDS(.AREA.,$,#10893,(#10895));
#10897=IFCCARTESIANPOINT((0.02500000037252903,0.090000001713633537,0.02500000037252903));
#10898=IFCDIRECTION((0.,-1.,0.));
#10899=IFCDIRECTION((1.,0.,0.));
#10900=IFCAXIS2PLACEMENT3D(#10897,#10898,#10899);
#10901=IFCDIRECTION((0.,0.,-1.));
#10902=IFCEXTRUDEDAREASOLID(#10896,#10900,#10901,0.035000000149011612);
#10903=IFCINDEXEDPOLYCURVE(#10904,(IFCLINEINDEX((1,2,3,4,1))),$);
#10904=IFCCARTESIANPOINTLIST2D(((0.035000000149011612,0.035000000149011612),(0.24000001139938831,0.035000000149011612),(0.24000001139938831,0.81499997526407242),(0.035000000149011612,0.81499997526407242)));
#10905=IFCARBITRARYCLOSEDPROFILEDEF(.AREA.,$,#10903);
#10906=IFCCARTESIANPOINT((0.02500000037252903,0.10250000178813934,0.02500000037252903));
#10907=IFCDIRECTION((0.,-1.,0.));
#10908=IFCDIRECTION((1.,0.,0.));
#10909=IFCAXIS2PLACEMENT3D(#10906,#10907,#10908);
#10910=IFCDIRECTION((0.,0.,-1.));
#10911=IFCEXTRUDEDAREASOLID(#10905,#10909,#10910,0.01);
#10912=IFCCARTESIANPOINTLIST2D(((0.,0.89999997615814209),(0.59117603302001953,0.89999997615814209),(0.59117603302001953,0.),(0.,0.),(0.,0.02500000037252903),(0.5661760326474905,0.02500000037252903),(0.5661760326474905,0.87499997578561306),(0.,0.87499997578561306)));
#10913=IFCINDEXEDPOLYCURVE(#10912,(IFCLINEINDEX((1,2,3,4,5,6,7,8,1))),$);
#10914=IFCARBITRARYCLOSEDPROFILEDEF(.AREA.,$,#10913);
#10915=IFCCARTESIANPOINT((0.30000001192092896,0.090000001713633537,0.));
#10916=IFCDIRECTION((0.,-1.,0.));
#10917=IFCDIRECTION((1.,0.,0.));
#10918=IFCAXIS2PLACEMENT3D(#10915,#10916,#10917);
#10919=IFCDIRECTION((0.,0.,-1.));
#10920=IFCEXTRUDEDAREASOLID(#10914,#10918,#10919,0.0099999997764825821);
#10921=IFCCARTESIANPOINTLIST2D(((0.,0.),(0.59117603302001953,0.),(0.59117603302001953,0.89999997615814209),(0.,0.89999997615814209)));
#10922=IFCINDEXEDPOLYCURVE(#10921,(IFCLINEINDEX((1,2,3,4,1))),$);
#10923=IFCCARTESIANPOINTLIST2D(((0.02500000037252903,0.05000000074505806),(0.54117603227496147,0.05000000074505806),(0.54117603227496147,0.84999997541308403),(0.02500000037252903,0.84999997541308403)));
#10924=IFCINDEXEDPOLYCURVE(#10923,(IFCLINEINDEX((1,2,3,4,1))),$);
#10925=IFCARBITRARYPROFILEDEFWITHVOIDS(.AREA.,$,#10922,(#10924));
#10926=IFCCARTESIANPOINT((0.30000001192092896,0.05000000074505806,0.));
#10927=IFCDIRECTION((0.,-1.,0.));
#10928=IFCDIRECTION((1.,0.,0.));
#10929=IFCAXIS2PLACEMENT3D(#10926,#10927,#10928);
#10930=IFCDIRECTION((0.,0.,-1.));
#10931=IFCEXTRUDEDAREASOLID(#10925,#10929,#10930,0.040000000968575478);
#10932=IFCCARTESIANPOINTLIST2D(((0.,0.),(0.5661760326474905,0.),(0.5661760326474905,0.84999997541308403),(0.,0.84999997541308403)));
#10933=IFCINDEXEDPOLYCURVE(#10932,(IFCLINEINDEX((1,2,3,4,1))),$);
#10934=IFCCARTESIANPOINTLIST2D(((0.035000000149011612,0.035000000149011612),(0.53117603249847889,0.035000000149011612),(0.53117603249847889,0.81499997526407242),(0.035000000149011612,0.81499997526407242)));
#10935=IFCINDEXEDPOLYCURVE(#10934,(IFCLINEINDEX((1,2,3,4,1))),$);
#10936=IFCARBITRARYPROFILEDEFWITHVOIDS(.AREA.,$,#10933,(#10935));
#10937=IFCCARTESIANPOINT((0.30000001192092896,0.090000001713633537,0.02500000037252903));
#10938=IFCDIRECTION((0.,-1.,0.));
#10939=IFCDIRECTION((1.,0.,0.));
#10940=IFCAXIS2PLACEMENT3D(#10937,#10938,#10939);
#10941=IFCDIRECTION((0.,0.,-1.));
#10942=IFCEXTRUDEDAREASOLID(#10936,#10940,#10941,0.035000000149011612);
#10943=IFCINDEXEDPOLYCURVE(#10944,(IFCLINEINDEX((1,2,3,4,1))),$);
#10944=IFCCARTESIANPOINTLIST2D(((0.035000000149011612,0.035000000149011612),(0.53117603249847889,0.035000000149011612),(0.53117603249847889,0.81499997526407242),(0.035000000149011612,0.81499997526407242)));
#10945=IFCARBITRARYCLOSEDPROFILEDEF(.AREA.,$,#10943);
#10946=IFCCARTESIANPOINT((0.30000001192092896,0.10250000178813934,0.02500000037252903));
#10947=IFCDIRECTION((0.,-1.,0.));
#10948=IFCDIRECTION((1.,0.,0.));
#10949=IFCAXIS2PLACEMENT3D(#10946,#10947,#10948);
#10950=IFCDIRECTION((0.,0.,-1.));
#10951=IFCEXTRUDEDAREASOLID(#10945,#10949,#10950,0.01);
#10952=IFCSHAPEREPRESENTATION(#11,'Body','SweptSolid',(#10880,#10891,#10902,#10911,#10920,#10931,#10942,#10951));
#10953=IFCSHAPEREPRESENTATION(#11,'Body','SweptSolid',(#10880,#10891,#10920,#10931));
#10954=IFCSHAPEASPECT((#10953),'Lining',$,.T.,#10515);
#10955=IFCSHAPEREPRESENTATION(#11,'Body','SweptSolid',(#10902,#10942));
#10956=IFCSHAPEASPECT((#10955),'Framing',$,.T.,#10515);
#10957=IFCSHAPEREPRESENTATION(#11,'Body','SweptSolid',(#10911,#10951));
#10958=IFCSHAPEASPECT((#10957),'Glazing',$,.T.,#10515);
#10959=IFCCARTESIANPOINTLIST2D(((0.05000000074505806,0.05000000074505806),(0.27500001154839993,0.05000000074505806)));
#10960=IFCINDEXEDPOLYCURVE(#10959,$,$);
#10961=IFCCARTESIANPOINTLIST2D(((0.,0.10000000149011612),(0.02500000037252903,0.10000000149011612),(0.02500000037252903,0.090000001713633537),(0.05000000074505806,0.090000001713633537),(0.05000000074505806,0.05000000074505806),(0.,0.05000000074505806)));
#10962=IFCINDEXEDPOLYCURVE(#10961,(IFCLINEINDEX((1,2,3,4,5,6,1))),$);
#10963=IFCCARTESIANPOINTLIST2D(((0.30000001192092896,0.10000000149011612),(0.30000001192092896,0.10000000149011612),(0.30000001192092896,0.090000001713633537),(0.27500001154839993,0.090000001713633537),(0.27500001154839993,0.05000000074505806),(0.30000001192092896,0.05000000074505806)));
#10964=IFCINDEXEDPOLYCURVE(#10963,$,$);
#10965=IFCCARTESIANPOINTLIST2D(((0.02500000037252903,0.090000001713633537),(0.060000000521540642,0.090000001713633537),(0.060000000521540642,0.12500000186264515),(0.02500000037252903,0.12500000186264515)));
#10966=IFCINDEXEDPOLYCURVE(#10965,(IFCLINEINDEX((1,2,3,4,1))),$);
#10967=IFCINDEXEDPOLYCURVE(#10968,(IFCLINEINDEX((1,2,3,4,1))),$);
#10968=IFCCARTESIANPOINTLIST2D(((0.30000001192092896,0.090000001713633537),(0.26500001177191734,0.090000001713633537),(0.26500001177191734,0.12500000186264515),(0.30000001192092896,0.12500000186264515)));
#10969=IFCCARTESIANPOINTLIST2D(((0.060000000521540642,0.090000001713633537),(0.26500001177191734,0.090000001713633537)));
#10970=IFCINDEXEDPOLYCURVE(#10969,$,$);
#10971=IFCINDEXEDPOLYCURVE(#10972,$,$);
#10972=IFCCARTESIANPOINTLIST2D(((0.060000000521540642,0.12500000186264515),(0.26500001177191734,0.12500000186264515)));
#10973=IFCINDEXEDPOLYCURVE(#10974,$,$);
#10974=IFCCARTESIANPOINTLIST2D(((0.060000000521540642,0.10750000178813934),(0.26500001177191734,0.10750000178813934)));
#10975=IFCCARTESIANPOINTLIST2D(((0.32500001229345798,0.05000000074505806),(0.84117604419589043,0.05000000074505806)));
#10976=IFCINDEXEDPOLYCURVE(#10975,$,$);
#10977=IFCCARTESIANPOINTLIST2D(((0.30000001192092896,0.10000000149011612),(0.30000001192092896,0.10000000149011612),(0.30000001192092896,0.090000001713633537),(0.32500001229345798,0.090000001713633537),(0.32500001229345798,0.05000000074505806),(0.30000001192092896,0.05000000074505806)));
#10978=IFCINDEXEDPOLYCURVE(#10977,$,$);
#10979=IFCCARTESIANPOINTLIST2D(((0.89117604494094849,0.10000000149011612),(0.86617604456841946,0.10000000149011612),(0.86617604456841946,0.090000001713633537),(0.84117604419589043,0.090000001713633537),(0.84117604419589043,0.05000000074505806),(0.89117604494094849,0.05000000074505806)));
#10980=IFCINDEXEDPOLYCURVE(#10979,(IFCLINEINDEX((1,2,3,4,5,6,1))),$);
#10981=IFCCARTESIANPOINTLIST2D(((0.30000001192092896,0.090000001713633537),(0.33500001206994057,0.090000001713633537),(0.33500001206994057,0.12500000186264515),(0.30000001192092896,0.12500000186264515)));
#10982=IFCINDEXEDPOLYCURVE(#10981,(IFCLINEINDEX((1,2,3,4,1))),$);
#10983=IFCINDEXEDPOLYCURVE(#10984,(IFCLINEINDEX((1,2,3,4,1))),$);
#10984=IFCCARTESIANPOINTLIST2D(((0.86617604456841946,0.090000001713633537),(0.83117604441940784,0.090000001713633537),(0.83117604441940784,0.12500000186264515),(0.86617604456841946,0.12500000186264515)));
#10985=IFCCARTESIANPOINTLIST2D(((0.33500001206994057,0.090000001713633537),(0.83117604441940784,0.090000001713633537)));
#10986=IFCINDEXEDPOLYCURVE(#10985,$,$);
#10987=IFCINDEXEDPOLYCURVE(#10988,$,$);
#10988=IFCCARTESIANPOINTLIST2D(((0.33500001206994057,0.12500000186264515),(0.83117604441940784,0.12500000186264515)));
#10989=IFCINDEXEDPOLYCURVE(#10990,$,$);
#10990=IFCCARTESIANPOINTLIST2D(((0.33500001206994057,0.10750000178813934),(0.83117604441940784,0.10750000178813934)));
#10991=IFCSHAPEREPRESENTATION(#24,'Body','Curve2D',(#10960,#10962,#10964,#10966,#10967,#10970,#10971,#10973,#10976,#10978,#10980,#10982,#10983,#10986,#10987,#10989));
#10992=IFCCARTESIANPOINTLIST2D(((0.,0.),(0.89117604494094849,0.),(0.89117604494094849,0.89999997615814209),(0.,0.89999997615814209)));
#10993=IFCINDEXEDPOLYCURVE(#10992,(IFCLINEINDEX((1,2,3,4,1))),$);
#10994=IFCARBITRARYCLOSEDPROFILEDEF(.AREA.,$,#10993);
#10995=IFCCARTESIANPOINT((0.,-0.60000002384185791,0.));
#10996=IFCDIRECTION((0.,-1.,0.));
#10997=IFCDIRECTION((1.,0.,0.));
#10998=IFCAXIS2PLACEMENT3D(#10995,#10996,#10997);
#10999=IFCDIRECTION((0.,0.,-1.));
#11000=IFCEXTRUDEDAREASOLID(#10994,#10998,#10999,1.2);
#11001=IFCSHAPEREPRESENTATION(#11,'Body','SweptSolid',(#11000));
#11007=IFCCARTESIANPOINT((4.2896784941263872,0.10000053444522727,1.));
#11008=IFCDIRECTION((0.,0.,1.));
#11009=IFCDIRECTION((-0.99999999999999611,-8.7422783678901773E-08,0.));
#11010=IFCAXIS2PLACEMENT3D(#11007,#11008,#11009);
#11011=IFCLOCALPLACEMENT(#9244,#11010);
#11022=IFCCARTESIANPOINT((6.8849000135966305,0.10000081534860739,1.));
#11023=IFCDIRECTION((0.,0.,1.));
#11024=IFCDIRECTION((-0.99999999999999611,-8.7422783678901773E-08,0.));
#11025=IFCAXIS2PLACEMENT3D(#11022,#11023,#11024);
#11026=IFCLOCALPLACEMENT(#9244,#11025);
#11027=IFCCARTESIANPOINT((4.4408920985006262E-16,4.4408920985006262E-16,0.));
#11028=IFCDIRECTION((0.,0.,1.));
#11029=IFCDIRECTION((0.99999999999999978,2.6469779601696886E-23,0.));
#11030=IFCAXIS2PLACEMENT3D(#11027,#11028,#11029);
#11031=IFCLOCALPLACEMENT(#11026,#11030);
#11032=IFCCARTESIANPOINT((4.189117431640625,-2.5901062488555908,3.));
#11033=IFCDIRECTION((0.,0.,1.));
#11034=IFCDIRECTION((1.,0.,0.));
#11035=IFCAXIS2PLACEMENT3D(#11032,#11033,#11034);
#11036=IFCLOCALPLACEMENT(#8738,#11035);
#11037=IFCCARTESIANPOINT((4.242398738861084,6.5483055114746094,3.));
#11038=IFCDIRECTION((0.,0.,1.));
#11039=IFCDIRECTION((1.,0.,0.));
#11040=IFCAXIS2PLACEMENT3D(#11037,#11038,#11039);
#11041=IFCLOCALPLACEMENT(#8738,#11040);
#11042=IFCCARTESIANPOINT((1.7733324766159058,-2.5901062488555908,3.));
#11043=IFCDIRECTION((0.,0.,1.));
#11044=IFCDIRECTION((1.,0.,0.));
#11045=IFCAXIS2PLACEMENT3D(#11042,#11043,#11044);
#11046=IFCLOCALPLACEMENT(#8738,#11045);
#11047=IFCCARTESIANPOINT((1.2516691533727458,0.099999855210779032,0.));
#11048=IFCDIRECTION((0.,0.,1.));
#11049=IFCDIRECTION((-0.99999999999999611,8.7422776573472364E-08,0.));
#11050=IFCAXIS2PLACEMENT3D(#11047,#11048,#11049);
#11051=IFCLOCALPLACEMENT(#10315,#11050);
#11052=IFCCARTESIANPOINT((0.83612229069084631,0.099999768410953926,0.));
#11053=IFCDIRECTION((0.,0.,1.));
#11054=IFCDIRECTION((-0.99999999999999944,-3.1786498766449645E-08,0.));
#11055=IFCAXIS2PLACEMENT3D(#11052,#11053,#11054);
#11056=IFCLOCALPLACEMENT(#11011,#11055);
ENDSEC;
END-ISO-10303-21;
